id,pdgid_id,pdgid,pdgitem_id,name,cc_type,mcid,charge,quantum_i,quantum_g,quantum_j,quantum_p,quantum_c
1,39,S000,1,gamma,S,22,0.0,"0,1",,1,-,-
2,46,G021,2,g,S,21,0.0,0,,1,-,
3,50,G033,3,graviton,S,,0.0,,,2,,
4,54,S043,5,W+,P,24,1.0,,,1,,
5,54,S043,6,W-,A,-24,-1.0,,,1,,
6,1341,S044,9,Z0,S,23,0.0,,,1,,
7,10214,S126,10,H,S,25,0.0,,,0,,
8,11251,S029,11,Axions (A0) and Other Very Light Bosons,P,,0.0,,,,,
9,11369,S003,13,e-,P,11,-1.0,,,1/2,,
10,11369,S003,14,e+,A,-11,1.0,,,1/2,,
11,11430,S004,16,mu-,S,13,-1.0,,,1/2,,
12,11430,S004,17,mu+,A,-13,1.0,,,1/2,,
13,11893,S035,19,tau-,S,15,-1.0,,,1/2,,
14,11893,S035,20,tau+,A,-15,1.0,,,1/2,,
15,884,S001,21,nu_e,P,12,0.0,,,1/2,,
16,882,S002,22,nu_mu,P,14,0.0,,,1/2,,
17,881,S036,23,nu_tau,P,16,0.0,,,1/2,,
18,1560,Q002,24,u,P,2,0.666666666666667,1/2,,1/2,+,
19,1560,Q002,25,ubar,A,-2,-0.666666666666667,1/2,,1/2,-,
20,1555,Q001,26,d,P,1,-0.333333333333333,1/2,,1/2,+,
21,1555,Q001,27,dbar,A,-1,0.333333333333333,1/2,,1/2,-,
22,1586,Q003,28,s,P,3,-0.333333333333333,0,,1/2,+,
23,1586,Q003,29,sbar,A,-3,0.333333333333333,0,,1/2,-,
24,1634,Q004,30,c,P,4,0.666666666666667,0,,1/2,+,
25,1634,Q004,31,cbar,A,-4,-0.666666666666667,0,,1/2,-,
26,1615,Q005,32,b,P,5,-0.333333333333333,0,,1/2,+,
27,1615,Q005,33,bbar,A,-5,0.333333333333333,0,,1/2,-,
28,1610,Q007,34,t,P,6,0.666666666666667,0,,1/2,+,
29,1610,Q007,35,tbar,A,-6,-0.666666666666667,0,,1/2,-,
30,2425,S008,37,pi+,P,211,1.0,1,-,0,-,
31,2425,S008,38,pi-,A,-211,-1.0,1,-,0,-,
32,2816,S009,39,pi0,S,111,0.0,1,-,0,-,+
33,2878,S014,40,eta,S,221,0.0,0,+,0,-,+
34,3411,M014,42,f_0(500)0,S,9000221,0.0,0,+,0,+,+
35,3440,M009,44,rho(770)0,S,113,0.0,1,+,1,-,-
36,3440,M009,45,rho(770)+,P,213,1.0,1,+,1,-,-
37,3440,M009,46,rho(770)-,A,-213,-1.0,1,+,1,-,-
38,3919,M001,49,omega(782)0,S,223,0.0,0,-,1,-,-
39,4044,M002,51,eta^'(958)0,S,331,0.0,0,+,0,-,+
40,4633,M003,53,f_0(980)0,S,9010221,0.0,0,+,0,+,+
41,4643,M036,55,a_0(980)0,S,9000111,0.0,1,-,0,+,+
42,4643,M036,56,a_0(980)+,P,9000211,1.0,1,-,0,+,+
43,4643,M036,57,a_0(980)-,A,-9000211,-1.0,1,-,0,+,+
44,4664,M004,60,phi(1020)0,S,333,0.0,0,-,1,-,-
45,5095,M030,62,h_1(1170)0,S,10223,0.0,0,-,1,+,-
46,5100,M011,64,b_1(1235)0,S,10113,0.0,1,+,1,+,-
47,5100,M011,65,b_1(1235)+,P,10213,1.0,1,+,1,+,-
48,5100,M011,66,b_1(1235)-,A,-10213,-1.0,1,+,1,+,-
49,5159,M010,69,a_1(1260)0,S,20113,0.0,1,-,1,+,+
50,5159,M010,70,a_1(1260)+,P,20213,1.0,1,-,1,+,+
51,5159,M010,71,a_1(1260)-,A,-20213,-1.0,1,-,1,+,+
52,19130,M005,74,f_2(1270)0,S,225,0.0,0,+,2,+,+
53,19309,M008,76,f_1(1285)0,S,20223,0.0,0,+,1,+,+
54,19785,M037,78,eta(1295)0,S,100221,0.0,0,+,0,-,+
55,19810,M058,80,pi(1300)0,S,100111,0.0,1,-,0,-,+
56,19810,M058,81,pi(1300)+,P,100211,1.0,1,-,0,-,+
57,19810,M058,82,pi(1300)-,A,-100211,-1.0,1,-,0,-,+
58,19850,M012,85,a_2(1320)0,S,115,0.0,1,-,2,+,+
59,19850,M012,86,a_2(1320)+,P,215,1.0,1,-,2,+,+
60,19850,M012,87,a_2(1320)-,A,-215,-1.0,1,-,2,+,+
61,19992,M147,90,f_0(1370)0,S,10221,0.0,0,+,0,+,+
62,20512,M111,92,pi_1(1400)0,S,9000113,0.0,1,-,1,-,+
63,20512,M111,93,pi_1(1400)+,P,9000213,1.0,1,-,1,-,+
64,20512,M111,94,pi_1(1400)-,A,-9000213,-1.0,1,-,1,-,+
65,20510,M027,97,eta(1405)0,S,9020221,0.0,0,+,0,-,+
66,20610,M109,99,h_1(1415)0,S,10333,0.0,0,-,1,+,-
67,20600,M006,101,f_1(1420)0,S,20333,0.0,0,+,1,+,+
68,20684,M125,103,omega(1420)0,S,100223,0.0,0,-,1,-,-
69,51,M066,105,f_2(1430)0,S,9000225,0.0,0,+,2,+,+
70,40,M149,107,a_0(1450)0,S,10111,0.0,1,-,0,+,+
71,40,M149,108,a_0(1450)+,P,10211,1.0,1,-,0,+,+
72,40,M149,109,a_0(1450)-,A,-10211,-1.0,1,-,0,+,+
73,130,M105,112,rho(1450)0,S,100113,0.0,1,+,1,-,-
74,130,M105,113,rho(1450)+,P,100213,1.0,1,+,1,-,-
75,130,M105,114,rho(1450)-,A,-100213,-1.0,1,+,1,-,-
76,714,M175,117,eta(1475)0,S,100331,0.0,0,+,0,-,+
77,740,M152,119,f_0(1500)0,S,9030221,0.0,0,+,0,+,+
78,841,M084,121,f_1(1510)0,S,9000223,0.0,0,+,1,+,+
79,885,M013,123,f_2^'(1525)0,S,335,0.0,0,+,2,+,+
80,956,M123,125,f_2(1565)0,S,9010225,0.0,0,+,2,+,+
81,1508,M188,127,rho(1570)0,S,,0.0,1,+,1,-,-
82,1513,M166,129,h_1(1595)0,S,9010223,0.0,0,-,1,+,-
83,1525,M164,131,pi_1(1600)0,S,9010113,0.0,1,-,1,-,+
84,1525,M164,132,pi_1(1600)+,P,9010213,1.0,1,-,1,-,+
85,1525,M164,133,pi_1(1600)-,A,-9010213,-1.0,1,-,1,-,+
86,1570,M161,136,a_1(1640)0,S,9020113,0.0,1,-,1,+,+
87,1570,M161,137,a_1(1640)+,P,9020213,1.0,1,-,1,+,+
88,1570,M161,138,a_1(1640)-,A,-9020213,-1.0,1,-,1,+,+
89,1684,M117,141,f_2(1640)0,S,9020225,0.0,0,+,2,+,+
90,1664,M154,143,eta_2(1645)0,S,10225,0.0,0,+,2,-,+
91,1699,M126,145,omega(1650)0,S,30223,0.0,0,-,1,-,-
92,2146,M045,147,omega_3(1670)0,S,227,0.0,0,-,3,-,-
93,2149,M034,149,pi_2(1670)0,S,10115,0.0,1,-,2,-,+
94,2149,M034,150,pi_2(1670)+,P,10215,1.0,1,-,2,-,+
95,2149,M034,151,pi_2(1670)-,A,-10215,-1.0,1,-,2,-,+
96,2284,M067,154,phi(1680)0,S,100333,0.0,0,-,1,-,-
97,2388,M015,156,rho_3(1690)0,S,117,0.0,1,+,3,-,-
98,2388,M015,157,rho_3(1690)+,P,217,1.0,1,+,3,-,-
99,2388,M015,158,rho_3(1690)-,A,-217,-1.0,1,+,3,-,-
100,2800,M065,161,rho(1700)0,S,30113,0.0,1,+,1,-,-
101,2800,M065,162,rho(1700)+,P,30213,1.0,1,+,1,-,-
102,2800,M065,163,rho(1700)-,A,-30213,-1.0,1,+,1,-,-
103,3267,M162,166,a_2(1700)0,S,9000115,0.0,1,-,2,+,+
104,3267,M162,167,a_2(1700)+,P,9000215,1.0,1,-,2,+,+
105,3267,M162,168,a_2(1700)-,A,-9000215,-1.0,1,-,2,+,+
106,3322,M263,171,a_0(1710)0,S,,0.0,1,-,0,+,+
107,3337,M068,173,f_0(1710)0,S,10331,0.0,0,+,0,+,+
108,3382,M255,175,X(1750)0,S,,0.0,?,-,1,-,-
109,3405,M114,177,eta(1760)0,S,9040221,0.0,0,+,0,-,+
110,3415,M264,179,f_0(1770)0,S,,0.0,0,+,0,+,+
111,3437,M075,181,pi(1800)0,S,9010111,0.0,1,-,0,-,+
112,3437,M075,182,pi(1800)+,P,9010211,1.0,1,-,0,-,+
113,3437,M075,183,pi(1800)-,A,-9010211,-1.0,1,-,0,-,+
114,3864,M038,186,f_2(1810)0,S,9030225,0.0,0,+,2,+,+
115,3904,M085,188,X(1835)0,S,,0.0,0,+,0,-,+
116,3937,M054,190,phi_3(1850)0,S,337,0.0,0,-,3,-,-
117,3945,M267,192,eta_1(1855)0,S,,0.0,0,+,1,-,+
118,3957,M101,194,eta_2(1870)0,S,10335,0.0,0,+,2,-,+
119,3976,M185,196,pi_2(1880)0,S,,0.0,1,-,2,-,+
120,3999,M170,198,rho(1900)0,S,9030113,0.0,1,+,1,-,-
121,3999,M170,199,rho(1900)+,P,9030213,1.0,1,+,1,-,-
122,3999,M170,200,rho(1900)-,A,-9030213,-1.0,1,+,1,-,-
123,4018,M142,203,f_2(1910)0,S,9040225,0.0,0,+,2,+,+
124,17143,M227,205,a_0(1950)0,S,,0.0,1,-,0,+,+
125,17138,M135,207,f_2(1950)0,S,9050225,0.0,0,+,2,+,+
126,17188,M017,209,a_4(1970)0,S,119,0.0,1,-,4,+,+
127,17188,M017,210,a_4(1970)+,P,219,1.0,1,-,4,+,+
128,17188,M017,211,a_4(1970)-,A,-219,-1.0,1,-,4,+,+
129,17221,M167,214,rho_3(1990)0,S,9000117,0.0,1,+,3,-,-
130,17221,M167,215,rho_3(1990)+,P,9000217,1.0,1,+,3,-,-
131,17221,M167,216,rho_3(1990)-,A,-9000217,-1.0,1,+,3,-,-
132,17228,M239,219,pi_2(2005)0,S,,0.0,1,-,2,-,+
133,17234,M106,221,f_2(2010)0,S,9060225,0.0,0,+,2,+,+
134,17251,M156,223,f_0(2020)0,S,9050221,0.0,0,+,0,+,+
135,17705,M016,225,f_4(2050)0,S,229,0.0,0,+,4,+,+
136,17770,M020,227,pi_2(2100)0,S,9010115,0.0,1,-,2,-,+
137,17770,M020,228,pi_2(2100)+,P,9010215,1.0,1,-,2,-,+
138,17770,M020,229,pi_2(2100)-,A,-9010215,-1.0,1,-,2,-,+
139,17813,M168,232,f_0(2100)0,S,9060221,0.0,0,+,0,+,+
140,17810,M042,234,f_2(2150)0,S,9070225,0.0,0,+,2,+,+
141,17932,M032,236,rho(2150)0,S,9040113,0.0,1,+,1,-,-
142,17932,M032,237,rho(2150)+,P,9040213,1.0,1,+,1,-,-
143,17932,M032,238,rho(2150)-,A,-9040213,-1.0,1,+,1,-,-
144,17955,M103,241,phi(2170)0,S,,0.0,0,-,1,-,-
145,17955,M103,242,phi(2170)+,P,,1.0,0,-,1,-,-
146,17955,M103,243,phi(2170)-,A,,-1.0,0,-,1,-,-
147,18432,M112,246,f_0(2200)0,S,9070221,0.0,0,+,0,+,+
148,18429,M082,248,f_J(2220)0,S,9000229,0.0,0,+,2++ or 4,+,+
149,18505,M270,250,omega(2220)0,S,,0.0,0,-,1,-,-
150,18545,M115,252,eta(2225)0,S,9080221,0.0,0,+,0,-,+
151,18586,M044,254,rho_3(2250)0,S,9010117,0.0,1,+,3,-,-
152,18586,M044,255,rho_3(2250)+,P,9010217,1.0,1,+,3,-,-
153,18586,M044,256,rho_3(2250)-,A,-9010217,-1.0,1,+,3,-,-
154,18568,M107,259,f_2(2300)0,S,9080225,0.0,0,+,2,+,+
155,18601,M041,261,f_4(2300)0,S,9010229,0.0,0,+,4,+,+
156,19012,M108,263,f_2(2340)0,S,9090225,0.0,0,+,2,+,+
157,19028,M033,265,rho_5(2350)0,S,,0.0,1,+,5,-,-
158,19028,M033,266,rho_5(2350)+,P,,1.0,1,+,5,-,-
159,19028,M033,267,rho_5(2350)-,A,,-1.0,1,+,5,-,-
160,19066,M247,270,eta(2370)0,S,,0.0,0,+,0,-,+
161,19096,M266,272,f_0(2470)0,S,,0.0,0,+,0,+,+
162,19147,M089,274,f_6(2510)0,S,,0.0,0,+,6,+,+
163,19137,S010,276,K+,P,321,1.0,1/2,,0,-,
164,19137,S010,277,K-,A,-321,-1.0,1/2,,0,-,
165,20515,S011,278,K0,P,311,0.0,1/2,,0,-,
166,20515,S011,279,Kbar0,A,-311,0.0,1/2,,0,-,
167,20531,S012,281,K(S)0,P,310,0.0,1/2,,0,-,
168,21044,S013,283,K(L)0,P,130,0.0,1/2,,0,-,
169,928,M174,285,K_0^*(700)0,P,9000311,0.0,1/2,,0,+,
170,928,M174,286,Kbar_0^*(700)0,A,-9000311,0.0,1/2,,0,+,
171,928,M174,287,K_0^*(700)+,P,9000321,1.0,1/2,,0,+,
172,928,M174,288,K_0^*(700)-,A,-9000321,-1.0,1/2,,0,+,
173,1441,M018,291,K^*(892)0,P,313,0.0,1/2,,1,-,
174,1441,M018,292,Kbar^*(892)0,A,-313,0.0,1/2,,1,-,
175,1441,M018,293,K^*(892)+,P,323,1.0,1/2,,1,-,
176,1441,M018,294,K^*(892)-,A,-323,-1.0,1/2,,1,-,
177,1462,M028,297,K_1(1270)0,P,10313,0.0,1/2,,1,+,
178,1462,M028,298,Kbar_1(1270)0,A,-10313,0.0,1/2,,1,+,
179,1462,M028,299,K_1(1270)+,P,10323,1.0,1/2,,1,+,
180,1462,M028,300,K_1(1270)-,A,-10323,-1.0,1/2,,1,+,
181,1514,M064,303,K_1(1400)0,P,20313,0.0,1/2,,1,+,
182,1514,M064,304,Kbar_1(1400)0,A,-20313,0.0,1/2,,1,+,
183,1514,M064,305,K_1(1400)+,P,20323,1.0,1/2,,1,+,
184,1514,M064,306,K_1(1400)-,A,-20323,-1.0,1/2,,1,+,
185,1564,M094,309,K^*(1410)0,P,100313,0.0,1/2,,1,-,
186,1564,M094,310,Kbar^*(1410)0,A,-100313,0.0,1/2,,1,-,
187,1564,M094,311,K^*(1410)+,P,100323,1.0,1/2,,1,-,
188,1564,M094,312,K^*(1410)-,A,-100323,-1.0,1/2,,1,-,
189,1690,M019,315,K_0^*(1430)0,P,10311,0.0,1/2,,0,+,
190,1690,M019,316,Kbar_0^*(1430)0,A,-10311,0.0,1/2,,0,+,
191,1690,M019,317,K_0^*(1430)+,P,10321,1.0,1/2,,0,+,
192,1690,M019,318,K_0^*(1430)-,A,-10321,-1.0,1/2,,0,+,
193,2101,M022,321,K_2^*(1430)0,P,315,0.0,1/2,,2,+,
194,2101,M022,322,Kbar_2^*(1430)0,A,-315,0.0,1/2,,2,+,
195,2101,M022,323,K_2^*(1430)+,P,325,1.0,1/2,,2,+,
196,2101,M022,324,K_2^*(1430)-,A,-325,-1.0,1/2,,2,+,
197,2143,M021,327,K(1460)0,P,100311,0.0,1/2,,0,-,
198,2143,M021,328,Kbar(1460)0,A,-100311,0.0,1/2,,0,-,
199,2143,M021,329,K(1460)+,P,100321,1.0,1/2,,0,-,
200,2143,M021,330,K(1460)-,A,-100321,-1.0,1/2,,0,-,
201,2163,M039,333,K_2(1580)0,P,9000315,0.0,1/2,,2,-,
202,2163,M039,334,Kbar_2(1580)0,A,-9000315,0.0,1/2,,2,-,
203,2163,M039,335,K_2(1580)+,P,9000325,1.0,1/2,,2,-,
204,2163,M039,336,K_2(1580)-,A,-9000325,-1.0,1/2,,2,-,
205,2195,M160,339,K(1630)0,P,,0.0,1/2,,?,?,
206,2195,M160,340,Kbar(1630)0,A,,0.0,1/2,,?,?,
207,2195,M160,341,K(1630)+,P,,1.0,1/2,,?,?,
208,2195,M160,342,K(1630)-,A,,-1.0,1/2,,?,?,
209,2183,M099,345,K_1(1650)0,P,9000313,0.0,1/2,,1,+,
210,2183,M099,346,Kbar_1(1650)0,A,-9000313,0.0,1/2,,1,+,
211,2183,M099,347,K_1(1650)+,P,9000323,1.0,1/2,,1,+,
212,2183,M099,348,K_1(1650)-,A,-9000323,-1.0,1/2,,1,+,
213,2219,M095,351,K^*(1680)0,P,30313,0.0,1/2,,1,-,
214,2219,M095,352,Kbar^*(1680)0,A,-30313,0.0,1/2,,1,-,
215,2219,M095,353,K^*(1680)+,P,30323,1.0,1/2,,1,-,
216,2219,M095,354,K^*(1680)-,A,-30323,-1.0,1/2,,1,-,
217,2262,M023,357,K_2(1770)0,P,10315,0.0,1/2,,2,-,
218,2262,M023,358,Kbar_2(1770)0,A,-10315,0.0,1/2,,2,-,
219,2262,M023,359,K_2(1770)+,P,10325,1.0,1/2,,2,-,
220,2262,M023,360,K_2(1770)-,A,-10325,-1.0,1/2,,2,-,
221,2325,M060,363,K_3^*(1780)0,P,317,0.0,1/2,,3,-,
222,2325,M060,364,Kbar_3^*(1780)0,A,-317,0.0,1/2,,3,-,
223,2325,M060,365,K_3^*(1780)+,P,327,1.0,1/2,,3,-,
224,2325,M060,366,K_3^*(1780)-,A,-327,-1.0,1/2,,3,-,
225,15067,M146,369,K_2(1820)0,P,20315,0.0,1/2,,2,-,
226,15067,M146,370,Kbar_2(1820)0,A,-20315,0.0,1/2,,2,-,
227,15067,M146,371,K_2(1820)+,P,20325,1.0,1/2,,2,-,
228,15067,M146,372,K_2(1820)-,A,-20325,-1.0,1/2,,2,-,
229,15076,M088,375,K(1830)0,P,9010311,0.0,1/2,,0,-,
230,15076,M088,376,Kbar(1830)0,A,-9010311,0.0,1/2,,0,-,
231,15076,M088,377,K(1830)+,P,9010321,1.0,1/2,,0,-,
232,15076,M088,378,K(1830)-,A,-9010321,-1.0,1/2,,0,-,
233,15088,M134,381,K_0^*(1950)0,P,9020311,0.0,1/2,,0,+,
234,15088,M134,382,Kbar_0^*(1950)0,A,-9020311,0.0,1/2,,0,+,
235,15088,M134,383,K_0^*(1950)+,P,9020321,1.0,1/2,,0,+,
236,15088,M134,384,K_0^*(1950)-,A,-9020321,-1.0,1/2,,0,+,
237,15105,M104,387,K_2^*(1980)0,P,9010315,0.0,1/2,,2,+,
238,15105,M104,388,Kbar_2^*(1980)0,A,-9010315,0.0,1/2,,2,+,
239,15105,M104,389,K_2^*(1980)+,P,9010325,1.0,1/2,,2,+,
240,15105,M104,390,K_2^*(1980)-,A,-9010325,-1.0,1/2,,2,+,
241,15144,M035,393,K_4^*(2045)0,P,319,0.0,1/2,,4,+,
242,15144,M035,394,Kbar_4^*(2045)0,A,-319,0.0,1/2,,4,+,
243,15144,M035,395,K_4^*(2045)+,P,329,1.0,1/2,,4,+,
244,15144,M035,396,K_4^*(2045)-,A,-329,-1.0,1/2,,4,+,
245,15238,M040,399,K_2(2250)0,P,9020315,0.0,1/2,,2,-,
246,15238,M040,400,Kbar_2(2250)0,A,-9020315,0.0,1/2,,2,-,
247,15238,M040,401,K_2(2250)+,P,9020325,1.0,1/2,,2,-,
248,15238,M040,402,K_2(2250)-,A,-9020325,-1.0,1/2,,2,-,
249,15231,M090,405,K_3(2320)0,P,9010317,0.0,1/2,,3,+,
250,15231,M090,406,Kbar_3(2320)0,A,-9010317,0.0,1/2,,3,+,
251,15231,M090,407,K_3(2320)+,P,9010327,1.0,1/2,,3,+,
252,15231,M090,408,K_3(2320)-,A,-9010327,-1.0,1/2,,3,+,
253,15272,M098,411,K_5^*(2380)0,P,,0.0,1/2,,5,-,
254,15272,M098,412,Kbar_5^*(2380)0,A,,0.0,1/2,,5,-,
255,15272,M098,413,K_5^*(2380)+,P,,1.0,1/2,,5,-,
256,15272,M098,414,K_5^*(2380)-,A,,-1.0,1/2,,5,-,
257,15267,M091,417,K_4(2500)0,P,9000319,0.0,1/2,,4,-,
258,15267,M091,418,Kbar_4(2500)0,A,-9000319,0.0,1/2,,4,-,
259,15267,M091,419,K_4(2500)+,P,9000329,1.0,1/2,,4,-,
260,15267,M091,420,K_4(2500)-,A,-9000329,-1.0,1/2,,4,-,
261,15302,M129,423,K(3100)0,P,,0.0,?,?,?,?,?
262,15302,M129,424,Kbar(3100)0,A,,0.0,?,?,?,?,?
263,15302,M129,425,K(3100)+,P,,1.0,?,?,?,?,?
264,15302,M129,426,K(3100)-,A,,-1.0,?,?,?,?,?
265,15325,S031,429,D+,P,411,1.0,1/2,,0,-,
266,15325,S031,430,D-,A,-411,-1.0,1/2,,0,-,
267,19086,S032,431,D0,P,421,0.0,1/2,,0,-,
268,19086,S032,432,Dbar0,A,-421,0.0,1/2,,0,-,
269,16906,M061,434,D^*(2007)0,P,423,0.0,1/2,,1,-,
270,16906,M061,435,Dbar^*(2007)0,A,-423,0.0,1/2,,1,-,
271,16980,M062,437,D^*(2010)+,P,413,1.0,1/2,,1,-,
272,16980,M062,438,D^*(2010)-,A,-413,-1.0,1/2,,1,-,
273,16998,M252,441,D_0^*(2300)0,P,10421,0.0,1/2,,0,+,
274,16998,M252,442,Dbar_0^*(2300)0,A,-10421,0.0,1/2,,0,+,
275,16998,M252,443,D_0^*(2300)+,P,10411,1.0,1/2,,0,+,
276,16998,M252,444,D_0^*(2300)-,A,-10411,-1.0,1/2,,0,+,
277,17071,M253,447,D_1(2420)0,P,10423,0.0,1/2,,1,+,
278,17071,M253,448,Dbar_1(2420)0,A,-10423,0.0,1/2,,1,+,
279,17071,M253,449,D_1(2420)+,P,10413,1.0,1/2,,1,+,
280,17071,M253,450,D_1(2420)-,A,-10413,-1.0,1/2,,1,+,
281,17089,M180,453,D_1(2430)0,P,20423,0.0,1/2,,1,+,
282,17089,M180,454,Dbar_1(2430)0,A,-20423,0.0,1/2,,1,+,
283,17097,M254,456,D_2^*(2460)0,P,425,0.0,1/2,,2,+,
284,17097,M254,457,Dbar_2^*(2460)0,A,-425,0.0,1/2,,2,+,
285,17097,M254,458,D_2^*(2460)+,P,415,1.0,1/2,,2,+,
286,17097,M254,459,D_2^*(2460)-,A,-415,-1.0,1/2,,2,+,
287,17626,M198,462,D_0(2550)0,P,,0.0,1/2,,0,-,
288,17626,M198,463,Dbar_0(2550)0,A,,0.0,1/2,,0,-,
289,17626,M198,464,D_0(2550)+,P,,1.0,1/2,,0,-,
290,17626,M198,465,D_0(2550)-,A,,-1.0,1/2,,0,-,
291,17631,M199,468,D_1^*(2600)0,P,,0.0,1/2,,1,-,
292,17631,M199,469,Dbar_1^*(2600)0,A,,0.0,1/2,,1,-,
293,17631,M199,470,D_1^*(2600)+,P,,1.0,1/2,,1,-,
294,17631,M199,471,D_1^*(2600)-,A,,-1.0,1/2,,1,-,
295,17639,M158,474,D^*(2640)0,P,,0.0,1/2,,?,?,
296,17639,M158,475,Dbar^*(2640)0,A,,0.0,1/2,,?,?,
297,17639,M158,476,D^*(2640)+,P,,1.0,1/2,,?,?,
298,17639,M158,477,D^*(2640)-,A,,-1.0,1/2,,?,?,
299,17633,M228,480,D_2(2740)0,P,,0.0,1/2,,2,-,
300,17633,M228,481,Dbar_2(2740)0,A,,0.0,1/2,,2,-,
301,17633,M228,482,D_2(2740)+,P,,1.0,1/2,,2,-,
302,17633,M228,483,D_2(2740)-,A,,-1.0,1/2,,2,-,
303,17648,M203,486,D_3^*(2750)0,P,,0.0,1/2,,3,-,
304,17648,M203,487,Dbar_3^*(2750)0,A,,0.0,1/2,,3,-,
305,17648,M203,488,D_3^*(2750)+,P,,1.0,1/2,,3,-,
306,17648,M203,489,D_3^*(2750)-,A,,-1.0,1/2,,3,-,
307,17664,M249,492,D_1^*(2760)0,P,,0.0,1/2,,1,-,
308,17664,M249,493,Dbar_1^*(2760)0,A,,0.0,1/2,,1,-,
309,17664,M249,494,D_1^*(2760)+,P,,1.0,1/2,,1,-,
310,17664,M249,495,D_1^*(2760)-,A,,-1.0,1/2,,1,-,
311,17674,M229,498,D(3000)0,P,,0.0,1/2,,?,?,
312,17674,M229,499,Dbar(3000)0,A,,0.0,1/2,,?,?,
313,17674,M229,500,D(3000)+,P,,1.0,1/2,,?,?,
314,17674,M229,501,D(3000)-,A,,-1.0,1/2,,?,?,
315,17684,S034,504,D_s()+,P,431,1.0,0,,0,-,
316,17684,S034,505,D_s()-,A,-431,-1.0,0,,0,-,
317,12151,S074,508,D_s^*()+,P,433,1.0,0,,1,-,
318,12151,S074,509,D_s^*()-,A,-433,-1.0,0,,1,-,
319,12176,M172,512,D_s0^*(2317)+,P,10431,1.0,0,,0,+,
320,12176,M172,513,D_s0^*(2317)-,A,-10431,-1.0,0,,0,+,
321,12192,M173,516,D_s1(2460)+,P,20433,1.0,0,,1,+,
322,12192,M173,517,D_s1(2460)-,A,-20433,-1.0,0,,1,+,
323,12722,M121,520,D_s1(2536)+,P,10433,1.0,0,,1,+,
324,12722,M121,521,D_s1(2536)-,A,-10433,-1.0,0,,1,+,
325,12875,M148,524,D_s2^*(2573)+,P,435,1.0,0,,2,+,
326,12875,M148,525,D_s2^*(2573)-,A,-435,-1.0,0,,2,+,
327,12890,M256,528,D_s0(2590)+,P,,1.0,0,,0,-,
328,12890,M256,529,D_s0(2590)-,A,,-1.0,0,,0,-,
329,12902,M182,532,D_s1^*(2700)+,P,,1.0,0,,1,-,
330,12902,M182,533,D_s1^*(2700)-,A,,-1.0,0,,1,-,
331,12954,M196,536,D_s1^*(2860)+,P,,1.0,0,,1,-,
332,12954,M196,537,D_s1^*(2860)-,A,,-1.0,0,,1,-,
333,12982,M226,540,D_s3^*(2860)+,P,,1.0,0,,3,-,
334,12982,M226,541,D_s3^*(2860)-,A,,-1.0,0,,3,-,
335,13011,M197,544,D_sJ(3040)+,P,,1.0,0,,?,?,
336,13011,M197,545,D_sJ(3040)-,A,,-1.0,0,,?,?,
337,13482,S041,548,B+,P,521,1.0,1/2,,0,-,
338,13482,S041,549,B-,A,-521,-1.0,1/2,,0,-,
339,7088,S042,550,B0,P,511,0.0,1/2,,0,-,
340,7088,S042,551,Bbar0,A,-511,0.0,1/2,,0,-,
341,3788,S085,553,B^*0,P,513,0.0,1/2,,1,-,
342,3788,S085,554,Bbar^*0,A,-513,0.0,1/2,,1,-,
343,3788,S085,555,B^*+,P,523,1.0,1/2,,1,-,
344,3788,S085,556,B^*-,A,-523,-1.0,1/2,,1,-,
345,3781,M244,559,B_1(5721)0,P,,0.0,1/2,,1,+,
346,3781,M244,560,Bbar_1(5721)0,A,,0.0,1/2,,1,+,
347,3781,M244,561,B_1(5721)+,P,,1.0,1/2,,1,+,
348,3781,M244,562,B_1(5721)-,A,,-1.0,1/2,,1,+,
349,3735,M151,565,B_J^*(5732)0,P,,0.0,?,,?,?,
350,3735,M151,566,Bbar_J^*(5732)0,A,,0.0,?,,?,?,
351,3735,M151,567,B_J^*(5732)+,P,,1.0,?,,?,?,
352,3735,M151,568,B_J^*(5732)-,A,,-1.0,?,,?,?,
353,3723,M245,571,B_2^*(5747)0,P,515,0.0,1/2,,2,+,
354,3723,M245,572,Bbar_2^*(5747)0,A,-515,0.0,1/2,,2,+,
355,3723,M245,573,B_2^*(5747)+,P,525,1.0,1/2,,2,+,
356,3723,M245,574,B_2^*(5747)-,A,-525,-1.0,1/2,,2,+,
357,3674,M246,577,B_J(5840)0,P,,0.0,1/2,,?,?,
358,3674,M246,578,Bbar_J(5840)0,A,,0.0,1/2,,?,?,
359,3674,M246,579,B_J(5840)+,P,,1.0,1/2,,?,?,
360,3674,M246,580,B_J(5840)-,A,,-1.0,1/2,,?,?,
361,3713,M248,583,B_J(5970)0,P,,0.0,1/2,,?,?,
362,3713,M248,584,Bbar_J(5970)0,A,,0.0,1/2,,?,?,
363,3713,M248,585,B_J(5970)+,P,,1.0,1/2,,?,?,
364,3713,M248,586,B_J(5970)-,A,,-1.0,1/2,,?,?,
365,3650,S086,589,B_s()0,P,531,0.0,0,,0,-,
366,3650,S086,590,Bbar_s()0,A,-531,0.0,0,,0,-,
367,5789,S087,592,B_s^*0,P,533,0.0,0,,1,-,
368,5789,S087,593,Bbar_s^*0,A,-533,0.0,0,,1,-,
369,5702,M187,595,B_s1(5830)0,P,,0.0,0,,1,+,
370,5702,M187,596,Bbar_s1(5830)0,A,,0.0,0,,1,+,
371,5700,M186,598,B_s2^*(5840)0,P,535,0.0,0,,2,+,
372,5700,M186,599,Bbar_s2^*(5840)0,A,-535,0.0,0,,2,+,
373,6592,M153,601,B_sJ^*(5850)0,P,,0.0,?,,?,?,
374,6592,M153,602,Bbar_sJ^*(5850)0,A,,0.0,?,,?,?,
375,6593,M257,604,B_sJ(6063)0,P,,0.0,0,,?,?,
376,6593,M257,605,Bbar_sJ(6063)0,A,,0.0,0,,?,?,
377,6618,M258,607,B_sJ(6114)0,P,,0.0,0,,?,?,
378,6618,M258,608,Bbar_sJ(6114)0,A,,0.0,0,,?,?,
379,6625,S091,610,B_c()+,P,541,1.0,0,,0,-,
380,6625,S091,611,B_c()-,A,-541,-1.0,0,,0,-,
381,483,M217,614,B_c(2S)+,P,,1.0,0,,0,-,
382,483,M217,615,B_c(2S)-,A,,-1.0,0,,0,-,
383,494,M026,616,eta_c(1S),S,441,0.0,0,+,0,-,+
384,2109,M070,617,J/psi(1S),S,443,0.0,0,-,1,-,-
385,19603,M056,618,chi_c0(1P),S,10441,0.0,0,+,0,+,+
386,608,M055,619,chi_c1(1P),S,20443,0.0,0,+,1,+,+
387,2070,M144,620,h_c(1P),S,10443,0.0,0,-,1,+,-
388,1929,M057,621,chi_c2(1P),S,445,0.0,0,+,2,+,+
389,3087,M059,622,eta_c(2S),S,100441,0.0,0,+,0,-,+
390,3511,M071,623,psi(2S),S,100443,0.0,0,-,1,-,-
391,20174,M053,624,psi(3770),S,30443,0.0,0,-,1,-,-
392,451,M212,625,psi_2(3823),S,,0.0,0,-,2,-,-
393,421,M241,626,psi_3(3842),S,,0.0,0,-,3,-,-
394,445,M237,627,chi_c0(3860),S,,0.0,0,+,0,+,+
395,379,M176,628,chi_c1(3872),S,,0.0,0,+,1,+,+
396,1171,M159,629,chi_c0(3915),S,,0.0,0,+,0,+,+
397,1167,M050,630,chi_c2(3930),S,100445,0.0,0,+,2,+,+
398,1100,M029,631,X(3940),S,,0.0,?,?,?,?,?
399,1104,M072,632,psi(4040),S,9000443,0.0,0,-,1,-,-
400,1922,M193,633,chi_c1(4140),S,,0.0,0,+,1,+,+
401,1973,M025,634,psi(4160),S,9010443,0.0,0,-,1,-,-
402,14770,M190,635,X(4160),S,,0.0,?,?,?,?,?
403,15927,M074,636,psi(4230),S,,0.0,0,-,1,-,-
404,16780,M233,637,chi_c1(4274),S,,0.0,0,+,1,+,+
405,16723,M194,638,X(4350),S,,0.0,0,+,?,?,+
406,16734,M181,639,psi(4360),S,,0.0,0,-,1,-,-
407,17265,M073,640,psi(4415),S,9020443,0.0,0,-,1,-,-
408,18147,M234,641,chi_c0(4500),S,,0.0,0,+,0,+,+
409,18156,M262,642,X(4630),S,,0.0,0,+,?,?,+
410,18102,M189,643,psi(4660),S,,0.0,0,-,1,-,-
411,17985,M261,644,chi_c1(4685),S,,0.0,0,+,1,+,+
412,18012,M235,645,chi_c0(4700),S,,0.0,0,+,0,+,+
413,18018,M171,646,eta_b(1S),S,551,0.0,0,+,0,-,+
414,18240,M049,647,Upsilon(1S),S,553,0.0,0,-,1,-,-
415,20273,M076,648,chi_b0(1P),S,10551,0.0,0,+,0,+,+
416,20069,M077,649,chi_b1(1P),S,20553,0.0,0,+,1,+,+
417,19954,M204,650,h_b(1P),S,10553,0.0,0,-,1,+,-
418,20923,M078,651,chi_b2(1P),S,555,0.0,0,+,2,+,+
419,20794,M200,652,eta_b(2S),S,100551,0.0,0,+,0,-,+
420,20753,M052,653,Upsilon(2S),S,100553,0.0,0,-,1,-,-
421,13862,M177,654,Upsilon_2(1D),S,20555,0.0,0,-,2,-,-
422,13898,M079,655,chi_b0(2P),S,110551,0.0,0,+,0,+,+
423,13320,M080,656,chi_b1(2P),S,120553,0.0,0,+,1,+,+
424,14624,M205,657,h_b(2P),S,110553,0.0,0,-,1,+,-
425,14549,M081,658,chi_b2(2P),S,100555,0.0,0,+,2,+,+
426,14095,M048,659,Upsilon(3S),S,200553,0.0,0,-,1,-,-
427,15455,M206,660,chi_b1(3P),S,220553,0.0,0,+,1,+,+
428,15398,M238,661,chi_b2(3P),S,200555,0.0,0,+,2,+,+
429,15383,M047,662,Upsilon(4S),S,300553,0.0,0,-,1,-,-
430,16154,M243,663,Upsilon(10753),S,,0.0,?,?,1,-,-
431,16201,M092,664,Upsilon(10860),S,9000553,0.0,0,-,1,-,-
432,16786,M093,665,Upsilon(11020),S,9010553,0.0,0,-,1,-,-
433,16743,M250,667,T_cbar sbar 0^*(2870)0,P,,0.0,?,,0,+,
434,16761,M251,669,T_cbar sbar 1^*(2900)0,P,,0.0,?,,1,-,
435,16765,M269,671,T_c sbar 0^*(2900)+,P,,1.0,1,,0,+,
436,17439,M265,673,T_c c(3875)+,P,,1.0,?,,?,?,
437,17433,M210,675,T_{c cbar 1}(3900)+,P,,1.0,1,+,1,+,-
438,17430,M259,677,T_{c cbar sbar 1}(4000)0,P,,0.0,1/2,,1,+,
439,17347,M213,679,T_{c cbar}(4020)+,P,,1.0,1,+,?,?,-
440,17242,M191,681,T_{c cbar}(4050)+,P,,1.0,1,-,?,?,+
441,17292,M223,683,T_{c cbar}(4055)+,P,,1.0,1,+,?,?,-
442,17564,M240,685,T_{c cbar}(4100)+,P,,1.0,1,-,?,?,+
443,17585,M231,687,T_{c cbar 1}(4200)+,P,,1.0,1,+,1,+,-
444,17593,M260,689,T_{c cbar s}bar 1(4220)+,P,,1.0,1/2,,1,+,
445,17620,M216,691,T_{c cbar 0}(4240)0,P,,0.0,1,+,0,-,-
446,17038,M192,693,T_{c cbar}(4250)+,P,,1.0,1,-,?,?,+
447,17013,M195,695,T_{c cbar 1}(4430)+,P,,1.0,1,+,1,+,-
448,17084,M232,697,T_{b sbar}(5568)+,P,,1.0,1,,?,?,
449,17055,M268,699,T_c c cbar cbar(6900)+,P,,1.0,0,+,?,?,+
450,18140,M207,701,T_{b bbar 1}(10610)+,P,,1.0,1,+,1,+,-
451,18095,M208,703,T_{b bbar 1}(10650)+,P,,1.0,1,+,1,+,-
452,18726,S016,705,p,P,2212,1.0,1/2,,1/2,+,
453,18726,S016,706,pbar,A,-2212,-1.0,1/2,,1/2,-,
454,11523,S017,708,n,P,2112,0.0,1/2,,1/2,+,
455,11523,S017,709,nbar,A,-2112,0.0,1/2,,1/2,-,
456,11119,B061,711,N(1440)0,P,12112,0.0,1/2,,1/2,+,
457,11119,B061,712,Nbar(1440)0,A,-12112,0.0,1/2,,1/2,-,
458,11119,B061,713,N(1440)+,P,12212,1.0,1/2,,1/2,+,
459,11119,B061,714,Nbar(1440)-,A,-12212,-1.0,1/2,,1/2,-,
460,11030,B062,716,N(1520)0,P,1214,0.0,1/2,,3/2,-,
461,11030,B062,717,Nbar(1520)0,A,-1214,0.0,1/2,,3/2,+,
462,11030,B062,718,N(1520)+,P,2124,1.0,1/2,,3/2,-,
463,11030,B062,719,Nbar(1520)-,A,-2124,-1.0,1/2,,3/2,+,
464,12205,B063,721,N(1535)0,P,22112,0.0,1/2,,1/2,-,
465,12205,B063,722,Nbar(1535)0,A,-22112,0.0,1/2,,1/2,+,
466,12205,B063,723,N(1535)+,P,22212,1.0,1/2,,1/2,-,
467,12205,B063,724,Nbar(1535)-,A,-22212,-1.0,1/2,,1/2,+,
468,11715,B066,726,N(1650)0,P,32112,0.0,1/2,,1/2,-,
469,11715,B066,727,Nbar(1650)0,A,-32112,0.0,1/2,,1/2,+,
470,11715,B066,728,N(1650)+,P,32212,1.0,1/2,,1/2,-,
471,11715,B066,729,Nbar(1650)-,A,-32212,-1.0,1/2,,1/2,+,
472,13207,B064,731,N(1675)0,P,2116,0.0,1/2,,5/2,-,
473,13207,B064,732,Nbar(1675)0,A,-2116,0.0,1/2,,5/2,+,
474,13207,B064,733,N(1675)+,P,2216,1.0,1/2,,5/2,-,
475,13207,B064,734,Nbar(1675)-,A,-2216,-1.0,1/2,,5/2,+,
476,13096,B065,736,N(1680)0,P,12116,0.0,1/2,,5/2,+,
477,13096,B065,737,Nbar(1680)0,A,-12116,0.0,1/2,,5/2,-,
478,13096,B065,738,N(1680)+,P,12216,1.0,1/2,,5/2,+,
479,13096,B065,739,Nbar(1680)-,A,-12216,-1.0,1/2,,5/2,-,
480,13973,B018,741,N(1700)0,P,21214,0.0,1/2,,3/2,-,
481,13973,B018,742,Nbar(1700)0,A,-21214,0.0,1/2,,3/2,+,
482,13973,B018,743,N(1700)+,P,22124,1.0,1/2,,3/2,-,
483,13973,B018,744,Nbar(1700)-,A,-22124,-1.0,1/2,,3/2,+,
484,13891,B014,746,N(1710)0,P,42112,0.0,1/2,,1/2,+,
485,13891,B014,747,Nbar(1710)0,A,-42112,0.0,1/2,,1/2,-,
486,13891,B014,748,N(1710)+,P,42212,1.0,1/2,,1/2,+,
487,13891,B014,749,Nbar(1710)-,A,-42212,-1.0,1/2,,1/2,-,
488,14490,B015,751,N(1720)0,P,31214,0.0,1/2,,3/2,+,
489,14490,B015,752,Nbar(1720)0,A,-31214,0.0,1/2,,3/2,-,
490,14490,B015,753,N(1720)+,P,32124,1.0,1/2,,3/2,+,
491,14490,B015,754,Nbar(1720)-,A,-32124,-1.0,1/2,,3/2,-,
492,14625,B009,756,N(1860)0,P,,0.0,1/2,,5/2,+,
493,14625,B009,757,Nbar(1860)0,A,,0.0,1/2,,5/2,-,
494,14625,B009,758,N(1860)+,P,,1.0,1/2,,5/2,+,
495,14625,B009,759,Nbar(1860)-,A,,-1.0,1/2,,5/2,-,
496,15347,B016,761,N(1875)0,P,,0.0,1/2,,3/2,-,
497,15347,B016,762,Nbar(1875)0,A,,0.0,1/2,,3/2,+,
498,15347,B016,763,N(1875)+,P,,1.0,1/2,,3/2,-,
499,15347,B016,764,Nbar(1875)-,A,,-1.0,1/2,,3/2,+,
500,15562,B087,766,N(1880)0,P,,0.0,1/2,,1/2,+,
501,15562,B087,767,Nbar(1880)0,A,,0.0,1/2,,1/2,-,
502,15562,B087,768,N(1880)+,P,,1.0,1/2,,1/2,+,
503,15562,B087,769,Nbar(1880)-,A,,-1.0,1/2,,1/2,-,
504,16034,B004,771,N(1895)0,P,,0.0,1/2,,1/2,-,
505,16034,B004,772,Nbar(1895)0,A,,0.0,1/2,,1/2,+,
506,16034,B004,773,N(1895)+,P,,1.0,1/2,,1/2,-,
507,16034,B004,774,Nbar(1895)-,A,,-1.0,1/2,,1/2,+,
508,15910,B144,776,N(1900)0,P,,0.0,1/2,,3/2,+,
509,15910,B144,777,Nbar(1900)0,A,,0.0,1/2,,3/2,-,
510,15910,B144,778,N(1900)+,P,,1.0,1/2,,3/2,+,
511,15910,B144,779,Nbar(1900)-,A,,-1.0,1/2,,3/2,-,
512,16694,B017,781,N(1990)0,P,,0.0,1/2,,7/2,+,
513,16694,B017,782,Nbar(1990)0,A,,0.0,1/2,,7/2,-,
514,16694,B017,783,N(1990)+,P,,1.0,1/2,,7/2,+,
515,16694,B017,784,Nbar(1990)-,A,,-1.0,1/2,,7/2,-,
516,16613,B006,786,N(2000)0,P,,0.0,1/2,,5/2,+,
517,16613,B006,787,Nbar(2000)0,A,,0.0,1/2,,5/2,-,
518,16613,B006,788,N(2000)+,P,,1.0,1/2,,5/2,+,
519,16613,B006,789,Nbar(2000)-,A,,-1.0,1/2,,5/2,-,
520,16462,B159,791,N(2040)0,P,,0.0,,,3/2,+,
521,16462,B159,792,Nbar(2040)0,A,,0.0,,,3/2,-,
522,16462,B159,793,N(2040)+,P,,1.0,,,3/2,+,
523,16462,B159,794,Nbar(2040)-,A,,-1.0,,,3/2,-,
524,16445,B005,796,N(2060)0,P,,0.0,1/2,,5/2,-,
525,16445,B005,797,Nbar(2060)0,A,,0.0,1/2,,5/2,+,
526,16445,B005,798,N(2060)+,P,,1.0,1/2,,5/2,-,
527,16445,B005,799,Nbar(2060)-,A,,-1.0,1/2,,5/2,+,
528,17431,B132,801,N(2100)0,P,,0.0,1/2,,1/2,+,
529,17431,B132,802,Nbar(2100)0,A,,0.0,1/2,,1/2,-,
530,17431,B132,803,N(2100)+,P,,1.0,1/2,,1/2,+,
531,17431,B132,804,Nbar(2100)-,A,,-1.0,1/2,,1/2,-,
532,7869,B024,806,N(2120)0,P,,0.0,1/2,,3/2,-,
533,7869,B024,807,Nbar(2120)0,A,,0.0,1/2,,3/2,+,
534,7869,B024,808,N(2120)+,P,,1.0,1/2,,3/2,-,
535,7869,B024,809,Nbar(2120)-,A,,-1.0,1/2,,3/2,+,
536,7996,B071,811,N(2190)0,P,1218,0.0,1/2,,7/2,-,
537,7996,B071,812,Nbar(2190)0,A,-1218,0.0,1/2,,7/2,+,
538,7996,B071,813,N(2190)+,P,2128,1.0,1/2,,7/2,-,
539,7996,B071,814,Nbar(2190)-,A,-2128,-1.0,1/2,,7/2,+,
540,8606,B090,816,N(2220)0,P,,0.0,1/2,,9/2,+,
541,8606,B090,817,Nbar(2220)0,A,,0.0,1/2,,9/2,-,
542,8606,B090,818,N(2220)+,P,,1.0,1/2,,9/2,+,
543,8606,B090,819,Nbar(2220)-,A,,-1.0,1/2,,9/2,-,
544,8542,B113,821,N(2250)0,P,,0.0,1/2,,9/2,-,
545,8542,B113,822,Nbar(2250)0,A,,0.0,1/2,,9/2,+,
546,8542,B113,823,N(2250)+,P,,1.0,1/2,,9/2,-,
547,8542,B113,824,Nbar(2250)-,A,,-1.0,1/2,,9/2,+,
548,8462,B003,826,N(2300)0,P,,0.0,1/2,,1/2,+,
549,8462,B003,827,Nbar(2300)0,A,,0.0,1/2,,1/2,-,
550,8462,B003,828,N(2300)+,P,,1.0,1/2,,1/2,+,
551,8462,B003,829,Nbar(2300)-,A,,-1.0,1/2,,1/2,-,
552,8468,B160,831,N(2570)0,P,,0.0,1/2,,5/2,-,
553,8468,B160,832,Nbar(2570)0,A,,0.0,1/2,,5/2,+,
554,8468,B160,833,N(2570)+,P,,1.0,1/2,,5/2,-,
555,8468,B160,834,Nbar(2570)-,A,,-1.0,1/2,,5/2,+,
556,8420,B120,836,N(2600)0,P,,0.0,1/2,,11/2,-,
557,8420,B120,837,Nbar(2600)0,A,,0.0,1/2,,11/2,+,
558,8420,B120,838,N(2600)+,P,,1.0,1/2,,11/2,-,
559,8420,B120,839,Nbar(2600)-,A,,-1.0,1/2,,11/2,+,
560,8402,B121,841,N(2700)0,P,,0.0,1/2,,13/2,+,
561,8402,B121,842,Nbar(2700)0,A,,0.0,1/2,,13/2,-,
562,8402,B121,843,N(2700)+,P,,1.0,1/2,,13/2,+,
563,8402,B121,844,Nbar(2700)-,A,,-1.0,1/2,,13/2,-,
564,8430,B128,846,N(~3000)0,P,,0.0,,,,,
565,8430,B128,847,Nbar(~3000)0,A,,0.0,,,,,
566,8430,B128,848,N(~3000)+,P,,1.0,,,,,
567,8430,B128,849,Nbar(~3000)-,A,,-1.0,,,,,
568,8427,B033,851,Delta(1232)-,P,1114,-1.0,3/2,,3/2,+,
569,8427,B033,852,Deltabar(1232)+,A,-1114,1.0,3/2,,3/2,-,
570,8427,B033,853,Delta(1232)0,P,2114,0.0,3/2,,3/2,+,
571,8427,B033,854,Deltabar(1232)0,A,-2114,0.0,3/2,,3/2,-,
572,8427,B033,855,Delta(1232)+,P,2214,1.0,3/2,,3/2,+,
573,8427,B033,856,Deltabar(1232)-,A,-2214,-1.0,3/2,,3/2,-,
574,8427,B033,857,Delta(1232)++,P,2224,2.0,3/2,,3/2,+,
575,8427,B033,858,Deltabar(1232)--,A,-2224,-2.0,3/2,,3/2,-,
576,9325,B019,860,Delta(1600)-,P,31114,-1.0,3/2,,3/2,+,
577,9325,B019,861,Deltabar(1600)+,A,-31114,1.0,3/2,,3/2,-,
578,9325,B019,862,Delta(1600)0,P,32114,0.0,3/2,,3/2,+,
579,9325,B019,863,Deltabar(1600)0,A,-32114,0.0,3/2,,3/2,-,
580,9325,B019,864,Delta(1600)+,P,32214,1.0,3/2,,3/2,+,
581,9325,B019,865,Deltabar(1600)-,A,-32214,-1.0,3/2,,3/2,-,
582,9325,B019,866,Delta(1600)++,P,32224,2.0,3/2,,3/2,+,
583,9325,B019,867,Deltabar(1600)--,A,-32224,-2.0,3/2,,3/2,-,
584,9294,B082,869,Delta(1620)-,P,1112,-1.0,3/2,,1/2,-,
585,9294,B082,870,Deltabar(1620)+,A,-1112,1.0,3/2,,1/2,+,
586,9294,B082,871,Delta(1620)0,P,1212,0.0,3/2,,1/2,-,
587,9294,B082,872,Deltabar(1620)0,A,-1212,0.0,3/2,,1/2,+,
588,9294,B082,873,Delta(1620)+,P,2122,1.0,3/2,,1/2,-,
589,9294,B082,874,Deltabar(1620)-,A,-2122,-1.0,3/2,,1/2,+,
590,9294,B082,875,Delta(1620)++,P,2222,2.0,3/2,,1/2,-,
591,9294,B082,876,Deltabar(1620)--,A,-2222,-2.0,3/2,,1/2,+,
592,9204,B010,878,Delta(1700)-,P,11114,-1.0,3/2,,3/2,-,
593,9204,B010,879,Deltabar(1700)+,A,-11114,1.0,3/2,,3/2,+,
594,9204,B010,880,Delta(1700)0,P,12114,0.0,3/2,,3/2,-,
595,9204,B010,881,Deltabar(1700)0,A,-12114,0.0,3/2,,3/2,+,
596,9204,B010,882,Delta(1700)+,P,12214,1.0,3/2,,3/2,-,
597,9204,B010,883,Deltabar(1700)-,A,-12214,-1.0,3/2,,3/2,+,
598,9204,B010,884,Delta(1700)++,P,12224,2.0,3/2,,3/2,-,
599,9204,B010,885,Deltabar(1700)--,A,-12224,-2.0,3/2,,3/2,+,
600,10732,B145,887,Delta(1750)-,P,,-1.0,3/2,,1/2,+,
601,10732,B145,888,Deltabar(1750)+,A,,1.0,3/2,,1/2,-,
602,10732,B145,889,Delta(1750)0,P,,0.0,3/2,,1/2,+,
603,10732,B145,890,Deltabar(1750)0,A,,0.0,3/2,,1/2,-,
604,10732,B145,891,Delta(1750)+,P,,1.0,3/2,,1/2,+,
605,10732,B145,892,Deltabar(1750)-,A,,-1.0,3/2,,1/2,-,
606,10732,B145,893,Delta(1750)++,P,,2.0,3/2,,1/2,+,
607,10732,B145,894,Deltabar(1750)--,A,,-2.0,3/2,,1/2,-,
608,10117,B030,896,Delta(1900)-,P,11112,-1.0,3/2,,1/2,-,
609,10117,B030,897,Deltabar(1900)+,A,-11112,1.0,3/2,,1/2,+,
610,10117,B030,898,Delta(1900)0,P,11212,0.0,3/2,,1/2,-,
611,10117,B030,899,Deltabar(1900)0,A,-11212,0.0,3/2,,1/2,+,
612,10117,B030,900,Delta(1900)+,P,12122,1.0,3/2,,1/2,-,
613,10117,B030,901,Deltabar(1900)-,A,-12122,-1.0,3/2,,1/2,+,
614,10117,B030,902,Delta(1900)++,P,12222,2.0,3/2,,1/2,-,
615,10117,B030,903,Deltabar(1900)--,A,-12222,-2.0,3/2,,1/2,+,
616,10038,B011,905,Delta(1905)-,P,1116,-1.0,3/2,,5/2,+,
617,10038,B011,906,Deltabar(1905)+,A,-1116,1.0,3/2,,5/2,-,
618,10038,B011,907,Delta(1905)0,P,1216,0.0,3/2,,5/2,+,
619,10038,B011,908,Deltabar(1905)0,A,-1216,0.0,3/2,,5/2,-,
620,10038,B011,909,Delta(1905)+,P,2126,1.0,3/2,,5/2,+,
621,10038,B011,910,Deltabar(1905)-,A,-2126,-1.0,3/2,,5/2,-,
622,10038,B011,911,Delta(1905)++,P,2226,2.0,3/2,,5/2,+,
623,10038,B011,912,Deltabar(1905)--,A,-2226,-2.0,3/2,,5/2,-,
624,11596,B012,914,Delta(1910)-,P,21112,-1.0,3/2,,1/2,+,
625,11596,B012,915,Deltabar(1910)+,A,-21112,1.0,3/2,,1/2,-,
626,11596,B012,916,Delta(1910)0,P,21212,0.0,3/2,,1/2,+,
627,11596,B012,917,Deltabar(1910)0,A,-21212,0.0,3/2,,1/2,-,
628,11596,B012,918,Delta(1910)+,P,22122,1.0,3/2,,1/2,+,
629,11596,B012,919,Deltabar(1910)-,A,-22122,-1.0,3/2,,1/2,-,
630,11596,B012,920,Delta(1910)++,P,22222,2.0,3/2,,1/2,+,
631,11596,B012,921,Deltabar(1910)--,A,-22222,-2.0,3/2,,1/2,-,
632,11578,B117,923,Delta(1920)-,P,21114,-1.0,3/2,,3/2,+,
633,11578,B117,924,Deltabar(1920)+,A,-21114,1.0,3/2,,3/2,-,
634,11578,B117,925,Delta(1920)0,P,22114,0.0,3/2,,3/2,+,
635,11578,B117,926,Deltabar(1920)0,A,-22114,0.0,3/2,,3/2,-,
636,11578,B117,927,Delta(1920)+,P,22214,1.0,3/2,,3/2,+,
637,11578,B117,928,Deltabar(1920)-,A,-22214,-1.0,3/2,,3/2,-,
638,11578,B117,929,Delta(1920)++,P,22224,2.0,3/2,,3/2,+,
639,11578,B117,930,Deltabar(1920)--,A,-22224,-2.0,3/2,,3/2,-,
640,11055,B013,932,Delta(1930)-,P,11116,-1.0,3/2,,5/2,-,
641,11055,B013,933,Deltabar(1930)+,A,-11116,1.0,3/2,,5/2,+,
642,11055,B013,934,Delta(1930)0,P,11216,0.0,3/2,,5/2,-,
643,11055,B013,935,Deltabar(1930)0,A,-11216,0.0,3/2,,5/2,+,
644,11055,B013,936,Delta(1930)+,P,12126,1.0,3/2,,5/2,-,
645,11055,B013,937,Deltabar(1930)-,A,-12126,-1.0,3/2,,5/2,+,
646,11055,B013,938,Delta(1930)++,P,12226,2.0,3/2,,5/2,-,
647,11055,B013,939,Deltabar(1930)--,A,-12226,-2.0,3/2,,5/2,+,
648,12317,B136,941,Delta(1940)-,P,,-1.0,3/2,,3/2,-,
649,12317,B136,942,Deltabar(1940)+,A,,1.0,3/2,,3/2,+,
650,12317,B136,943,Delta(1940)0,P,,0.0,3/2,,3/2,-,
651,12317,B136,944,Deltabar(1940)0,A,,0.0,3/2,,3/2,+,
652,12317,B136,945,Delta(1940)+,P,,1.0,3/2,,3/2,-,
653,12317,B136,946,Deltabar(1940)-,A,,-1.0,3/2,,3/2,+,
654,12317,B136,947,Delta(1940)++,P,,2.0,3/2,,3/2,-,
655,12317,B136,948,Deltabar(1940)--,A,,-2.0,3/2,,3/2,+,
656,12218,B083,950,Delta(1950)-,P,1118,-1.0,3/2,,7/2,+,
657,12218,B083,951,Deltabar(1950)+,A,-1118,1.0,3/2,,7/2,-,
658,12218,B083,952,Delta(1950)0,P,2118,0.0,3/2,,7/2,+,
659,12218,B083,953,Deltabar(1950)0,A,-2118,0.0,3/2,,7/2,-,
660,12218,B083,954,Delta(1950)+,P,2218,1.0,3/2,,7/2,+,
661,12218,B083,955,Deltabar(1950)-,A,-2218,-1.0,3/2,,7/2,-,
662,12218,B083,956,Delta(1950)++,P,2228,2.0,3/2,,7/2,+,
663,12218,B083,957,Deltabar(1950)--,A,-2228,-2.0,3/2,,7/2,-,
664,11753,B139,959,Delta(2000)-,P,,-1.0,3/2,,5/2,+,
665,11753,B139,960,Deltabar(2000)+,A,,1.0,3/2,,5/2,-,
666,11753,B139,961,Delta(2000)0,P,,0.0,3/2,,5/2,+,
667,11753,B139,962,Deltabar(2000)0,A,,0.0,3/2,,5/2,-,
668,11753,B139,963,Delta(2000)+,P,,1.0,3/2,,5/2,+,
669,11753,B139,964,Deltabar(2000)-,A,,-1.0,3/2,,5/2,-,
670,11753,B139,965,Delta(2000)++,P,,2.0,3/2,,5/2,+,
671,11753,B139,966,Deltabar(2000)--,A,,-2.0,3/2,,5/2,-,
672,13255,B137,968,Delta(2150)-,P,,-1.0,3/2,,1/2,-,
673,13255,B137,969,Deltabar(2150)+,A,,1.0,3/2,,1/2,+,
674,13255,B137,970,Delta(2150)0,P,,0.0,3/2,,1/2,-,
675,13255,B137,971,Deltabar(2150)0,A,,0.0,3/2,,1/2,+,
676,13255,B137,972,Delta(2150)+,P,,1.0,3/2,,1/2,-,
677,13255,B137,973,Deltabar(2150)-,A,,-1.0,3/2,,1/2,+,
678,13255,B137,974,Delta(2150)++,P,,2.0,3/2,,1/2,-,
679,13255,B137,975,Deltabar(2150)--,A,,-2.0,3/2,,1/2,+,
680,13277,B135,977,Delta(2200)-,P,,-1.0,3/2,,7/2,-,
681,13277,B135,978,Deltabar(2200)+,A,,1.0,3/2,,7/2,+,
682,13277,B135,979,Delta(2200)0,P,,0.0,3/2,,7/2,-,
683,13277,B135,980,Deltabar(2200)0,A,,0.0,3/2,,7/2,+,
684,13277,B135,981,Delta(2200)+,P,,1.0,3/2,,7/2,-,
685,13277,B135,982,Deltabar(2200)-,A,,-1.0,3/2,,7/2,+,
686,13277,B135,983,Delta(2200)++,P,,2.0,3/2,,7/2,-,
687,13277,B135,984,Deltabar(2200)--,A,,-2.0,3/2,,7/2,+,
688,13142,B123,986,Delta(2300)-,P,,-1.0,3/2,,9/2,+,
689,13142,B123,987,Deltabar(2300)+,A,,1.0,3/2,,9/2,-,
690,13142,B123,988,Delta(2300)0,P,,0.0,3/2,,9/2,+,
691,13142,B123,989,Deltabar(2300)0,A,,0.0,3/2,,9/2,-,
692,13142,B123,990,Delta(2300)+,P,,1.0,3/2,,9/2,+,
693,13142,B123,991,Deltabar(2300)-,A,,-1.0,3/2,,9/2,-,
694,13142,B123,992,Delta(2300)++,P,,2.0,3/2,,9/2,+,
695,13142,B123,993,Deltabar(2300)--,A,,-2.0,3/2,,9/2,-,
696,13179,B134,995,Delta(2350)-,P,,-1.0,3/2,,5/2,-,
697,13179,B134,996,Deltabar(2350)+,A,,1.0,3/2,,5/2,+,
698,13179,B134,997,Delta(2350)0,P,,0.0,3/2,,5/2,-,
699,13179,B134,998,Deltabar(2350)0,A,,0.0,3/2,,5/2,+,
700,13179,B134,999,Delta(2350)+,P,,1.0,3/2,,5/2,-,
701,13179,B134,1000,Deltabar(2350)-,A,,-1.0,3/2,,5/2,+,
702,13179,B134,1001,Delta(2350)++,P,,2.0,3/2,,5/2,-,
703,13179,B134,1002,Deltabar(2350)--,A,,-2.0,3/2,,5/2,+,
704,13082,B133,1004,Delta(2390)-,P,,-1.0,3/2,,7/2,+,
705,13082,B133,1005,Deltabar(2390)+,A,,1.0,3/2,,7/2,-,
706,13082,B133,1006,Delta(2390)0,P,,0.0,3/2,,7/2,+,
707,13082,B133,1007,Deltabar(2390)0,A,,0.0,3/2,,7/2,-,
708,13082,B133,1008,Delta(2390)+,P,,1.0,3/2,,7/2,+,
709,13082,B133,1009,Deltabar(2390)-,A,,-1.0,3/2,,7/2,-,
710,13082,B133,1010,Delta(2390)++,P,,2.0,3/2,,7/2,+,
711,13082,B133,1011,Deltabar(2390)--,A,,-2.0,3/2,,7/2,-,
712,13114,B124,1013,Delta(2400)-,P,,-1.0,3/2,,9/2,-,
713,13114,B124,1014,Deltabar(2400)+,A,,1.0,3/2,,9/2,+,
714,13114,B124,1015,Delta(2400)0,P,,0.0,3/2,,9/2,-,
715,13114,B124,1016,Deltabar(2400)0,A,,0.0,3/2,,9/2,+,
716,13114,B124,1017,Delta(2400)+,P,,1.0,3/2,,9/2,-,
717,13114,B124,1018,Deltabar(2400)-,A,,-1.0,3/2,,9/2,+,
718,13114,B124,1019,Delta(2400)++,P,,2.0,3/2,,9/2,-,
719,13114,B124,1020,Deltabar(2400)--,A,,-2.0,3/2,,9/2,+,
720,13780,B084,1022,Delta(2420)-,P,,-1.0,3/2,,11/2,+,
721,13780,B084,1023,Deltabar(2420)+,A,,1.0,3/2,,11/2,-,
722,13780,B084,1024,Delta(2420)0,P,,0.0,3/2,,11/2,+,
723,13780,B084,1025,Deltabar(2420)0,A,,0.0,3/2,,11/2,-,
724,13780,B084,1026,Delta(2420)+,P,,1.0,3/2,,11/2,+,
725,13780,B084,1027,Deltabar(2420)-,A,,-1.0,3/2,,11/2,-,
726,13780,B084,1028,Delta(2420)++,P,,2.0,3/2,,11/2,+,
727,13780,B084,1029,Deltabar(2420)--,A,,-2.0,3/2,,11/2,-,
728,13687,B125,1031,Delta(2750)-,P,,-1.0,3/2,,13/2,-,
729,13687,B125,1032,Deltabar(2750)+,A,,1.0,3/2,,13/2,+,
730,13687,B125,1033,Delta(2750)0,P,,0.0,3/2,,13/2,-,
731,13687,B125,1034,Deltabar(2750)0,A,,0.0,3/2,,13/2,+,
732,13687,B125,1035,Delta(2750)+,P,,1.0,3/2,,13/2,-,
733,13687,B125,1036,Deltabar(2750)-,A,,-1.0,3/2,,13/2,+,
734,13687,B125,1037,Delta(2750)++,P,,2.0,3/2,,13/2,-,
735,13687,B125,1038,Deltabar(2750)--,A,,-2.0,3/2,,13/2,+,
736,13684,B126,1040,Delta(2950)-,P,,-1.0,3/2,,15/2,+,
737,13684,B126,1041,Deltabar(2950)+,A,,1.0,3/2,,15/2,-,
738,13684,B126,1042,Delta(2950)0,P,,0.0,3/2,,15/2,+,
739,13684,B126,1043,Deltabar(2950)0,A,,0.0,3/2,,15/2,-,
740,13684,B126,1044,Delta(2950)+,P,,1.0,3/2,,15/2,+,
741,13684,B126,1045,Deltabar(2950)-,A,,-1.0,3/2,,15/2,-,
742,13684,B126,1046,Delta(2950)++,P,,2.0,3/2,,15/2,+,
743,13684,B126,1047,Deltabar(2950)--,A,,-2.0,3/2,,15/2,-,
744,13726,B127,1049,Delta(~3000)-,P,,-1.0,,,,,
745,13726,B127,1050,Deltabar(~3000)+,A,,1.0,,,,,
746,13726,B127,1051,Delta(~3000)0,P,,0.0,,,,,
747,13726,B127,1052,Deltabar(~3000)0,A,,0.0,,,,,
748,13726,B127,1053,Delta(~3000)+,P,,1.0,,,,,
749,13726,B127,1054,Deltabar(~3000)-,A,,-1.0,,,,,
750,13726,B127,1055,Delta(~3000)++,P,,2.0,,,,,
751,13726,B127,1056,Deltabar(~3000)--,A,,-2.0,,,,,
752,13720,S018,1058,Lambda0,P,3122,0.0,0,,1/2,+,
753,13720,S018,1059,Lambdabar0,A,-3122,0.0,0,,1/2,-,
754,13901,B189,1061,Lambda(1380)0,P,,0.0,,,1/2,-,
755,13901,B189,1062,Lambdabar(1380)0,A,,0.0,,,1/2,+,
756,14497,B037,1064,Lambda(1405)0,P,13122,0.0,0,,1/2,-,
757,14497,B037,1065,Lambdabar(1405)0,A,-13122,0.0,0,,1/2,+,
758,14458,B038,1067,Lambda(1520)0,P,3124,0.0,0,,3/2,-,
759,14458,B038,1068,Lambdabar(1520)0,A,-3124,0.0,0,,3/2,+,
760,14428,B101,1070,Lambda(1600)0,P,23122,0.0,0,,1/2,+,
761,14428,B101,1071,Lambdabar(1600)0,A,-23122,0.0,0,,1/2,-,
762,14593,B040,1073,Lambda(1670)0,P,33122,0.0,0,,1/2,-,
763,14593,B040,1074,Lambdabar(1670)0,A,-33122,0.0,0,,1/2,+,
764,15378,B055,1076,Lambda(1690)0,P,13124,0.0,0,,3/2,-,
765,15378,B055,1077,Lambdabar(1690)0,A,-13124,0.0,0,,3/2,+,
766,15319,B164,1079,Lambda(1710)0,P,,0.0,0,,1/2,+,
767,15319,B164,1080,Lambdabar(1710)0,A,,0.0,0,,1/2,-,
768,15193,B036,1082,Lambda(1800)0,P,43122,0.0,0,,1/2,-,
769,15193,B036,1083,Lambdabar(1800)0,A,-43122,0.0,0,,1/2,+,
770,6208,B077,1085,Lambda(1810)0,P,53122,0.0,0,,1/2,+,
771,6208,B077,1086,Lambdabar(1810)0,A,-53122,0.0,0,,1/2,-,
772,6409,B039,1088,Lambda(1820)0,P,3126,0.0,0,,5/2,+,
773,6409,B039,1089,Lambdabar(1820)0,A,-3126,0.0,0,,5/2,-,
774,6315,B056,1091,Lambda(1830)0,P,13126,0.0,0,,5/2,-,
775,6315,B056,1092,Lambdabar(1830)0,A,-13126,0.0,0,,5/2,+,
776,6768,B060,1094,Lambda(1890)0,P,23124,0.0,0,,3/2,+,
777,6768,B060,1095,Lambdabar(1890)0,A,-23124,0.0,0,,3/2,-,
778,6993,B089,1097,Lambda(2000)0,P,,0.0,0,,1/2,-,
779,6993,B089,1098,Lambdabar(2000)0,A,,0.0,0,,1/2,+,
780,6927,B165,1100,Lambda(2050)0,P,,0.0,0,,3/2,-,
781,6927,B165,1101,Lambdabar(2050)0,A,,0.0,0,,3/2,+,
782,6933,B190,1103,Lambda(2070)0,P,,0.0,,,3/2,+,
783,6933,B190,1104,Lambdabar(2070)0,A,,0.0,,,3/2,-,
784,7377,B191,1106,Lambda(2080)0,P,,0.0,,,5/2,-,
785,7377,B191,1107,Lambdabar(2080)0,A,,0.0,,,5/2,+,
786,7256,B027,1109,Lambda(2085)0,P,,0.0,0,,7/2,+,
787,7256,B027,1110,Lambdabar(2085)0,A,,0.0,0,,7/2,-,
788,7439,B041,1112,Lambda(2100)0,P,3128,0.0,0,,7/2,-,
789,7439,B041,1113,Lambdabar(2100)0,A,-3128,0.0,0,,7/2,+,
790,7970,B035,1115,Lambda(2110)0,P,23126,0.0,0,,5/2,+,
791,7970,B035,1116,Lambdabar(2110)0,A,-23126,0.0,0,,5/2,-,
792,7820,B112,1118,Lambda(2325)0,P,,0.0,0,,3/2,-,
793,7820,B112,1119,Lambdabar(2325)0,A,,0.0,0,,3/2,+,
794,7729,B042,1121,Lambda(2350)0,P,,0.0,0,,9/2,+,
795,7729,B042,1122,Lambdabar(2350)0,A,,0.0,0,,9/2,-,
796,7747,B007,1124,Lambda(2585)0,P,,0.0,0,,?,?,
797,7747,B007,1125,Lambdabar(2585)0,A,,0.0,0,,?,?,
798,7742,S019,1126,Sigma+,P,3222,1.0,1,,1/2,+,
799,7742,S019,1127,Sigmabar-,A,-3222,-1.0,1,,1/2,-,
800,9099,S021,1128,Sigma0,P,3212,0.0,1,,1/2,+,
801,9099,S021,1129,Sigmabar0,A,-3212,0.0,1,,1/2,-,
802,8626,S020,1130,Sigma-,P,3112,-1.0,1,,1/2,+,
803,8626,S020,1131,Sigmabar+,A,-3112,1.0,1,,1/2,-,
804,8458,B043,1133,Sigma(1385)-,P,3114,-1.0,1,,3/2,+,
805,8458,B043,1134,Sigmabar(1385)+,A,-3114,1.0,1,,3/2,-,
806,8458,B043,1135,Sigma(1385)0,P,3214,0.0,1,,3/2,+,
807,8458,B043,1136,Sigmabar(1385)0,A,-3214,0.0,1,,3/2,-,
808,8458,B043,1137,Sigma(1385)+,P,3224,1.0,1,,3/2,+,
809,8458,B043,1138,Sigmabar(1385)-,A,-3224,-1.0,1,,3/2,-,
810,8405,B000,1140,Sigma(1580)-,P,,-1.0,1,,3/2,-,
811,8405,B000,1141,Sigmabar(1580)+,A,,1.0,1,,3/2,+,
812,8405,B000,1142,Sigma(1580)0,P,,0.0,1,,3/2,-,
813,8405,B000,1143,Sigmabar(1580)0,A,,0.0,1,,3/2,+,
814,8405,B000,1144,Sigma(1580)+,P,,1.0,1,,3/2,-,
815,8405,B000,1145,Sigmabar(1580)-,A,,-1.0,1,,3/2,+,
816,9914,B032,1147,Sigma(1620)-,P,,-1.0,1,,1/2,-,
817,9914,B032,1148,Sigmabar(1620)+,A,,1.0,1,,1/2,+,
818,9914,B032,1149,Sigma(1620)0,P,,0.0,1,,1/2,-,
819,9914,B032,1150,Sigmabar(1620)0,A,,0.0,1,,1/2,+,
820,9914,B032,1151,Sigma(1620)+,P,,1.0,1,,1/2,-,
821,9914,B032,1152,Sigmabar(1620)-,A,,-1.0,1,,1/2,+,
822,9337,B079,1154,Sigma(1660)-,P,13112,-1.0,1,,1/2,+,
823,9337,B079,1155,Sigmabar(1660)+,A,-13112,1.0,1,,1/2,-,
824,9337,B079,1156,Sigma(1660)0,P,13212,0.0,1,,1/2,+,
825,9337,B079,1157,Sigmabar(1660)0,A,-13212,0.0,1,,1/2,-,
826,9337,B079,1158,Sigma(1660)+,P,13222,1.0,1,,1/2,+,
827,9337,B079,1159,Sigmabar(1660)-,A,-13222,-1.0,1,,1/2,-,
828,9287,B044,1161,Sigma(1670)-,P,13114,-1.0,1,,3/2,-,
829,9287,B044,1162,Sigmabar(1670)+,A,-13114,1.0,1,,3/2,+,
830,9287,B044,1163,Sigma(1670)0,P,13214,0.0,1,,3/2,-,
831,9287,B044,1164,Sigmabar(1670)0,A,-13214,0.0,1,,3/2,+,
832,9287,B044,1165,Sigma(1670)+,P,13224,1.0,1,,3/2,-,
833,9287,B044,1166,Sigmabar(1670)-,A,-13224,-1.0,1,,3/2,+,
834,10849,B057,1168,Sigma(1750)-,P,23112,-1.0,1,,1/2,-,
835,10849,B057,1169,Sigmabar(1750)+,A,-23112,1.0,1,,1/2,+,
836,10849,B057,1170,Sigma(1750)0,P,23212,0.0,1,,1/2,-,
837,10849,B057,1171,Sigmabar(1750)0,A,-23212,0.0,1,,1/2,+,
838,10849,B057,1172,Sigma(1750)+,P,23222,1.0,1,,1/2,-,
839,10849,B057,1173,Sigmabar(1750)-,A,-23222,-1.0,1,,1/2,+,
840,10121,B045,1175,Sigma(1775)-,P,3116,-1.0,1,,5/2,-,
841,10121,B045,1176,Sigmabar(1775)+,A,-3116,1.0,1,,5/2,+,
842,10121,B045,1177,Sigma(1775)0,P,3216,0.0,1,,5/2,-,
843,10121,B045,1178,Sigmabar(1775)0,A,-3216,0.0,1,,5/2,+,
844,10121,B045,1179,Sigma(1775)+,P,3226,1.0,1,,5/2,-,
845,10121,B045,1180,Sigmabar(1775)-,A,-3226,-1.0,1,,5/2,+,
846,11696,B166,1182,Sigma(1780)-,P,,-1.0,1,,3/2,+,
847,11696,B166,1183,Sigmabar(1780)+,A,,1.0,1,,3/2,-,
848,11696,B166,1184,Sigma(1780)0,P,,0.0,1,,3/2,+,
849,11696,B166,1185,Sigmabar(1780)0,A,,0.0,1,,3/2,-,
850,11696,B166,1186,Sigma(1780)+,P,,1.0,1,,3/2,+,
851,11696,B166,1187,Sigmabar(1780)-,A,,-1.0,1,,3/2,-,
852,11648,B067,1189,Sigma(1880)-,P,,-1.0,1,,1/2,+,
853,11648,B067,1190,Sigmabar(1880)+,A,,1.0,1,,1/2,-,
854,11648,B067,1191,Sigma(1880)0,P,,0.0,1,,1/2,+,
855,11648,B067,1192,Sigmabar(1880)0,A,,0.0,1,,1/2,-,
856,11648,B067,1193,Sigma(1880)+,P,,1.0,1,,1/2,+,
857,11648,B067,1194,Sigmabar(1880)-,A,,-1.0,1,,1/2,-,
858,11609,B167,1196,Sigma(1900)-,P,,-1.0,1,,1/2,-,
859,11609,B167,1197,Sigmabar(1900)+,A,,1.0,1,,1/2,+,
860,11609,B167,1198,Sigma(1900)0,P,,0.0,1,,1/2,-,
861,11609,B167,1199,Sigmabar(1900)0,A,,0.0,1,,1/2,+,
862,11609,B167,1200,Sigma(1900)+,P,,1.0,1,,1/2,-,
863,11609,B167,1201,Sigmabar(1900)-,A,,-1.0,1,,1/2,+,
864,11094,B098,1203,Sigma(1910)-,P,23114,-1.0,1,,3/2,-,
865,11094,B098,1204,Sigmabar(1910)+,A,-23114,1.0,1,,3/2,+,
866,11094,B098,1205,Sigma(1910)0,P,23214,0.0,1,,3/2,-,
867,11094,B098,1206,Sigmabar(1910)0,A,-23214,0.0,1,,3/2,+,
868,11094,B098,1207,Sigma(1910)+,P,23224,1.0,1,,3/2,-,
869,11094,B098,1208,Sigmabar(1910)-,A,-23224,-1.0,1,,3/2,+,
870,12386,B046,1210,Sigma(1915)-,P,13116,-1.0,1,,5/2,+,
871,12386,B046,1211,Sigmabar(1915)+,A,-13116,1.0,1,,5/2,-,
872,12386,B046,1212,Sigma(1915)0,P,13216,0.0,1,,5/2,+,
873,12386,B046,1213,Sigmabar(1915)0,A,-13216,0.0,1,,5/2,-,
874,12386,B046,1214,Sigma(1915)+,P,13226,1.0,1,,5/2,+,
875,12386,B046,1215,Sigmabar(1915)-,A,-13226,-1.0,1,,5/2,-,
876,12222,B168,1217,Sigma(1940)-,P,,-1.0,1,,3/2,+,
877,12222,B168,1218,Sigmabar(1940)+,A,,1.0,1,,3/2,-,
878,12222,B168,1219,Sigma(1940)0,P,,0.0,1,,3/2,+,
879,12222,B168,1220,Sigmabar(1940)0,A,,0.0,1,,3/2,-,
880,12222,B168,1221,Sigma(1940)+,P,,1.0,1,,3/2,+,
881,12222,B168,1222,Sigmabar(1940)-,A,,-1.0,1,,3/2,-,
882,13038,B002,1224,Sigma(2010)-,P,,-1.0,1,,3/2,-,
883,13038,B002,1225,Sigmabar(2010)+,A,,1.0,1,,3/2,+,
884,13038,B002,1226,Sigma(2010)0,P,,0.0,1,,3/2,-,
885,13038,B002,1227,Sigmabar(2010)0,A,,0.0,1,,3/2,+,
886,13038,B002,1228,Sigma(2010)+,P,,1.0,1,,3/2,-,
887,13038,B002,1229,Sigmabar(2010)-,A,,-1.0,1,,3/2,+,
888,13252,B047,1231,Sigma(2030)-,P,3118,-1.0,1,,7/2,+,
889,13252,B047,1232,Sigmabar(2030)+,A,-3118,1.0,1,,7/2,-,
890,13252,B047,1233,Sigma(2030)0,P,3218,0.0,1,,7/2,+,
891,13252,B047,1234,Sigmabar(2030)0,A,-3218,0.0,1,,7/2,-,
892,13252,B047,1235,Sigma(2030)+,P,3228,1.0,1,,7/2,+,
893,13252,B047,1236,Sigmabar(2030)-,A,-3228,-1.0,1,,7/2,-,
894,5012,B034,1238,Sigma(2070)-,P,,-1.0,1,,5/2,+,
895,5012,B034,1239,Sigmabar(2070)+,A,,1.0,1,,5/2,-,
896,5012,B034,1240,Sigma(2070)0,P,,0.0,1,,5/2,+,
897,5012,B034,1241,Sigmabar(2070)0,A,,0.0,1,,5/2,-,
898,5012,B034,1242,Sigma(2070)+,P,,1.0,1,,5/2,+,
899,5012,B034,1243,Sigmabar(2070)-,A,,-1.0,1,,5/2,-,
900,5031,B088,1245,Sigma(2080)-,P,,-1.0,1,,3/2,+,
901,5031,B088,1246,Sigmabar(2080)+,A,,1.0,1,,3/2,-,
902,5031,B088,1247,Sigma(2080)0,P,,0.0,1,,3/2,+,
903,5031,B088,1248,Sigmabar(2080)0,A,,0.0,1,,3/2,-,
904,5031,B088,1249,Sigma(2080)+,P,,1.0,1,,3/2,+,
905,5031,B088,1250,Sigmabar(2080)-,A,,-1.0,1,,3/2,-,
906,4947,B026,1252,Sigma(2100)-,P,,-1.0,1,,7/2,-,
907,4947,B026,1253,Sigmabar(2100)+,A,,1.0,1,,7/2,+,
908,4947,B026,1254,Sigma(2100)0,P,,0.0,1,,7/2,-,
909,4947,B026,1255,Sigmabar(2100)0,A,,0.0,1,,7/2,+,
910,4947,B026,1256,Sigma(2100)+,P,,1.0,1,,7/2,-,
911,4947,B026,1257,Sigmabar(2100)-,A,,-1.0,1,,7/2,+,
912,4868,B183,1259,Sigma(2110)-,P,,-1.0,1,,1/2,-,
913,4868,B183,1260,Sigmabar(2110)+,A,,1.0,1,,1/2,+,
914,4868,B183,1261,Sigma(2110)0,P,,0.0,1,,1/2,-,
915,4868,B183,1262,Sigmabar(2110)0,A,,0.0,1,,1/2,+,
916,4868,B183,1263,Sigma(2110)+,P,,1.0,1,,1/2,-,
917,4868,B183,1264,Sigmabar(2110)-,A,,-1.0,1,,1/2,+,
918,5559,B184,1266,Sigma(2230)-,P,,-1.0,1,,3/2,+,
919,5559,B184,1267,Sigmabar(2230)+,A,,1.0,1,,3/2,-,
920,5559,B184,1268,Sigma(2230)0,P,,0.0,1,,3/2,+,
921,5559,B184,1269,Sigmabar(2230)0,A,,0.0,1,,3/2,-,
922,5559,B184,1270,Sigma(2230)+,P,,1.0,1,,3/2,+,
923,5559,B184,1271,Sigmabar(2230)-,A,,-1.0,1,,3/2,-,
924,5528,B048,1273,Sigma(2250)-,P,,-1.0,1,,?,?,
925,5528,B048,1274,Sigmabar(2250)+,A,,1.0,1,,?,?,
926,5528,B048,1275,Sigma(2250)0,P,,0.0,1,,?,?,
927,5528,B048,1276,Sigmabar(2250)0,A,,0.0,1,,?,?,
928,5528,B048,1277,Sigma(2250)+,P,,1.0,1,,?,?,
929,5528,B048,1278,Sigmabar(2250)-,A,,-1.0,1,,?,?,
930,5444,B053,1280,Sigma(2455)-,P,,-1.0,1,,?,?,
931,5444,B053,1281,Sigmabar(2455)+,A,,1.0,1,,?,?,
932,5444,B053,1282,Sigma(2455)0,P,,0.0,1,,?,?,
933,5444,B053,1283,Sigmabar(2455)0,A,,0.0,1,,?,?,
934,5444,B053,1284,Sigma(2455)+,P,,1.0,1,,?,?,
935,5444,B053,1285,Sigmabar(2455)-,A,,-1.0,1,,?,?,
936,5480,B054,1287,Sigma(2620)-,P,,-1.0,1,,?,?,
937,5480,B054,1288,Sigmabar(2620)+,A,,1.0,1,,?,?,
938,5480,B054,1289,Sigma(2620)0,P,,0.0,1,,?,?,
939,5480,B054,1290,Sigmabar(2620)0,A,,0.0,1,,?,?,
940,5480,B054,1291,Sigma(2620)+,P,,1.0,1,,?,?,
941,5480,B054,1292,Sigmabar(2620)-,A,,-1.0,1,,?,?,
942,5466,B059,1294,Sigma(3000)-,P,,-1.0,1,,?,?,
943,5466,B059,1295,Sigmabar(3000)+,A,,1.0,1,,?,?,
944,5466,B059,1296,Sigma(3000)0,P,,0.0,1,,?,?,
945,5466,B059,1297,Sigmabar(3000)0,A,,0.0,1,,?,?,
946,5466,B059,1298,Sigma(3000)+,P,,1.0,1,,?,?,
947,5466,B059,1299,Sigmabar(3000)-,A,,-1.0,1,,?,?,
948,5417,B118,1301,Sigma(3170)-,P,,-1.0,1,,?,?,
949,5417,B118,1302,Sigmabar(3170)+,A,,1.0,1,,?,?,
950,5417,B118,1303,Sigma(3170)0,P,,0.0,1,,?,?,
951,5417,B118,1304,Sigmabar(3170)0,A,,0.0,1,,?,?,
952,5417,B118,1305,Sigma(3170)+,P,,1.0,1,,?,?,
953,5417,B118,1306,Sigmabar(3170)-,A,,-1.0,1,,?,?,
954,5439,S023,1307,Xi0,P,3322,0.0,1/2,,1/2,+,
955,5439,S023,1308,Xibar0,A,-3322,0.0,1/2,,1/2,-,
956,5788,S022,1309,Xi-,P,3312,-1.0,1/2,,1/2,+,
957,5788,S022,1310,Xibar+,A,-3312,1.0,1/2,,1/2,-,
958,5893,B049,1312,Xi(1530)-,P,3314,-1.0,1/2,,3/2,+,
959,5893,B049,1313,Xibar(1530)+,A,-3314,1.0,1/2,,3/2,-,
960,5893,B049,1314,Xi(1530)0,P,3324,0.0,1/2,,3/2,+,
961,5893,B049,1315,Xibar(1530)0,A,-3324,0.0,1/2,,3/2,-,
962,5854,B021,1317,Xi(1620)-,P,,-1.0,1/2,,?,?,
963,5854,B021,1318,Xibar(1620)+,A,,1.0,1/2,,?,?,
964,5854,B021,1319,Xi(1620)0,P,,0.0,1/2,,?,?,
965,5854,B021,1320,Xibar(1620)0,A,,0.0,1/2,,?,?,
966,5846,B105,1322,Xi(1690)-,P,203312,-1.0,1/2,,?,?,
967,5846,B105,1323,Xibar(1690)+,A,-203312,1.0,1/2,,?,?,
968,5846,B105,1324,Xi(1690)0,P,203322,0.0,1/2,,?,?,
969,5846,B105,1325,Xibar(1690)0,A,-203322,0.0,1/2,,?,?,
970,6250,B050,1327,Xi(1820)-,P,13314,-1.0,1/2,,3/2,-,
971,6250,B050,1328,Xibar(1820)+,A,-13314,1.0,1/2,,3/2,+,
972,6250,B050,1329,Xi(1820)0,P,13324,0.0,1/2,,3/2,-,
973,6250,B050,1330,Xibar(1820)0,A,-13324,0.0,1/2,,3/2,+,
974,6186,B052,1332,Xi(1950)-,P,103316,-1.0,1/2,,?,?,
975,6186,B052,1333,Xibar(1950)+,A,-103316,1.0,1/2,,?,?,
976,6186,B052,1334,Xi(1950)0,P,103326,0.0,1/2,,?,?,
977,6186,B052,1335,Xibar(1950)0,A,-103326,0.0,1/2,,?,?,
978,6124,B068,1337,Xi(2030)-,P,203316,-1.0,1/2,,>=5/2,?,
979,6124,B068,1338,Xibar(2030)+,A,-203316,1.0,1/2,,>=5/2,?,
980,6124,B068,1339,Xi(2030)0,P,203326,0.0,1/2,,>=5/2,?,
981,6124,B068,1340,Xibar(2030)0,A,-203326,0.0,1/2,,>=5/2,?,
982,6419,B103,1342,Xi(2120)-,P,,-1.0,1/2,,?,?,
983,6419,B103,1343,Xibar(2120)+,A,,1.0,1/2,,?,?,
984,6419,B103,1344,Xi(2120)0,P,,0.0,1/2,,?,?,
985,6419,B103,1345,Xibar(2120)0,A,,0.0,1/2,,?,?,
986,6410,B022,1347,Xi(2250)-,P,,-1.0,1/2,,?,?,
987,6410,B022,1348,Xibar(2250)+,A,,1.0,1/2,,?,?,
988,6410,B022,1349,Xi(2250)0,P,,0.0,1/2,,?,?,
989,6410,B022,1350,Xibar(2250)0,A,,0.0,1/2,,?,?,
990,6449,B131,1352,Xi(2370)-,P,,-1.0,1/2,,?,?,
991,6449,B131,1353,Xibar(2370)+,A,,1.0,1/2,,?,?,
992,6449,B131,1354,Xi(2370)0,P,,0.0,1/2,,?,?,
993,6449,B131,1355,Xibar(2370)0,A,,0.0,1/2,,?,?,
994,6349,B099,1357,Xi(2500)-,P,,-1.0,1/2,,?,?,
995,6349,B099,1358,Xibar(2500)+,A,,1.0,1/2,,?,?,
996,6349,B099,1359,Xi(2500)0,P,,0.0,1/2,,?,?,
997,6349,B099,1360,Xibar(2500)0,A,,0.0,1/2,,?,?,
998,6875,S024,1361,Omega-,P,3334,-1.0,0,,3/2,+,
999,6875,S024,1362,Omegabar+,A,-3334,1.0,0,,3/2,-,
1000,6868,B179,1364,Omega(2012)-,P,,-1.0,0,,?,-,
1001,6868,B179,1365,Omegabar(2012)+,A,,1.0,0,,?,+,
1002,6788,B141,1367,Omega(2250)-,P,203338,-1.0,0,,?,?,
1003,6788,B141,1368,Omegabar(2250)+,A,-203338,1.0,0,,?,?,
1004,6796,B142,1370,Omega(2380)-,P,,-1.0,,,,,
1005,6796,B142,1371,Omegabar(2380)+,A,,1.0,,,,,
1006,6706,B143,1373,Omega(2470)-,P,,-1.0,,,,,
1007,6706,B143,1374,Omegabar(2470)+,A,,1.0,,,,,
1008,6703,S033,1376,Lambda_c()+,P,4122,1.0,0,,1/2,+,
1009,6703,S033,1377,Lambdabar_c()-,A,-4122,-1.0,0,,1/2,-,
1010,8536,B119,1379,Lambda_c(2595)+,P,14122,1.0,0,,1/2,-,
1011,8536,B119,1380,Lambdabar_c(2595)-,A,-14122,-1.0,0,,1/2,+,
1012,10000,B102,1382,Lambda_c(2625)+,P,104122,1.0,0,,3/2,-,
1013,10000,B102,1383,Lambdabar_c(2625)-,A,-104122,-1.0,0,,3/2,+,
1014,9949,B150,1385,Lambda_c(2765)0,P,,0.0,?,,?,?,
1015,9949,B150,1386,Lambdabar_c(2765)0,A,,0.0,?,,?,?,
1016,9973,B178,1388,Lambda_c(2860)0,P,,0.0,0,,3/2,+,
1017,9973,B178,1389,Lambdabar_c(2860)0,A,,0.0,0,,3/2,-,
1018,9862,B151,1391,Lambda_c(2880)+,P,204126,1.0,0,,5/2,+,
1019,9862,B151,1392,Lambdabar_c(2880)-,A,-204126,-1.0,0,,5/2,-,
1020,9919,B206,1394,Lambda_c(2910)0,P,,0.0,?,,?,?,
1021,9919,B206,1395,Lambdabar_c(2910)0,A,,0.0,?,,?,?,
1022,9770,B122,1397,Lambda_c(2940)0,P,,0.0,0,,3/2,-,
1023,9770,B122,1398,Lambdabar_c(2940)0,A,,0.0,0,,3/2,+,
1024,9837,B104,1400,Sigma_c(2455)0,P,4112,0.0,1,,1/2,+,
1025,9837,B104,1401,Sigmabar_c(2455)0,A,-4112,0.0,1,,1/2,-,
1026,9837,B104,1402,Sigma_c(2455)+,P,4212,1.0,1,,1/2,+,
1027,9837,B104,1403,Sigmabar_c(2455)-,A,-4212,-1.0,1,,1/2,-,
1028,9837,B104,1404,Sigma_c(2455)++,P,4222,2.0,1,,1/2,+,
1029,9837,B104,1405,Sigmabar_c(2455)--,A,-4222,-2.0,1,,1/2,-,
1030,9338,B115,1407,Sigma_c(2520)0,P,4114,0.0,1,,3/2,+,
1031,9338,B115,1408,Sigmabar_c(2520)0,A,-4114,0.0,1,,3/2,-,
1032,9338,B115,1409,Sigma_c(2520)+,P,4214,1.0,1,,3/2,+,
1033,9338,B115,1410,Sigmabar_c(2520)-,A,-4214,-1.0,1,,3/2,-,
1034,9338,B115,1411,Sigma_c(2520)++,P,4224,2.0,1,,3/2,+,
1035,9338,B115,1412,Sigmabar_c(2520)--,A,-4224,-2.0,1,,3/2,-,
1036,10420,B155,1414,Sigma_c(2800)0,P,,0.0,1,,?,?,
1037,10420,B155,1415,Sigmabar_c(2800)0,A,,0.0,1,,?,?,
1038,10488,S045,1417,Xi_c()+,P,4232,1.0,1/2,,1/2,+,
1039,10488,S045,1418,Xibar_c()-,A,-4232,-1.0,1/2,,1/2,-,
1040,10850,S048,1419,Xi_c()0,P,4132,0.0,1/2,,1/2,+,
1041,10850,S048,1420,Xibar_c()0,A,-4132,0.0,1/2,,1/2,-,
1042,4916,S058,1422,Xi_c^'()+,P,4322,1.0,1/2,,1/2,+,
1043,4916,S058,1423,Xibar_c^'()-,A,-4322,-1.0,1/2,,1/2,-,
1044,4864,S059,1424,Xi_c^'()0,P,4312,0.0,1/2,,1/2,+,
1045,4864,S059,1425,Xibar_c^'()0,A,-4312,0.0,1/2,,1/2,-,
1046,4856,B146,1427,Xi_c(2645)0,P,4314,0.0,1/2,,3/2,+,
1047,4856,B146,1428,Xibar_c(2645)0,A,-4314,0.0,1/2,,3/2,-,
1048,4856,B146,1429,Xi_c(2645)+,P,4324,1.0,1/2,,3/2,+,
1049,4856,B146,1430,Xibar_c(2645)-,A,-4324,-1.0,1/2,,3/2,-,
1050,5564,B149,1432,Xi_c(2790)0,P,104314,0.0,1/2,,1/2,-,
1051,5564,B149,1433,Xibar_c(2790)0,A,-104314,0.0,1/2,,1/2,+,
1052,5564,B149,1434,Xi_c(2790)+,P,104324,1.0,1/2,,1/2,-,
1053,5564,B149,1435,Xibar_c(2790)-,A,-104324,-1.0,1/2,,1/2,+,
1054,5565,B148,1437,Xi_c(2815)0,P,104312,0.0,1/2,,3/2,-,
1055,5565,B148,1438,Xibar_c(2815)0,A,-104312,0.0,1/2,,3/2,+,
1056,5565,B148,1439,Xi_c(2815)+,P,104322,1.0,1/2,,3/2,-,
1057,5565,B148,1440,Xibar_c(2815)-,A,-104322,-1.0,1/2,,3/2,+,
1058,5261,B203,1442,Xi_c(2882)0,P,,0.0,?,,?,?,
1059,5261,B203,1443,Xibar_c(2882)0,A,,0.0,?,,?,?,
1060,5487,B192,1445,Xi_c(2923)0,P,,0.0,?,,?,?,
1061,5487,B192,1446,Xibar_c(2923)0,A,,0.0,?,,?,?,
1062,5525,B156,1448,Xi_c(2930)0,P,,0.0,?,,?,?,
1063,5525,B156,1449,Xibar_c(2930)0,A,,0.0,?,,?,?,
1064,5452,B130,1451,Xi_c(2970)0,P,,0.0,1/2,,1/2,+,
1065,5452,B130,1452,Xibar_c(2970)0,A,,0.0,1/2,,1/2,-,
1066,5407,B157,1454,Xi_c(3055)0,P,,0.0,?,,?,?,
1067,5407,B157,1455,Xibar_c(3055)0,A,,0.0,?,,?,?,
1068,5430,B147,1457,Xi_c(3080)0,P,,0.0,1/2,,?,?,
1069,5430,B147,1458,Xibar_c(3080)0,A,,0.0,1/2,,?,?,
1070,5399,B158,1460,Xi_c(3123)0,P,,0.0,?,,?,?,
1071,5399,B158,1461,Xibar_c(3123)0,A,,0.0,?,,?,?,
1072,5384,S047,1463,Omega_c()0,P,4332,0.0,0,,1/2,+,
1073,5384,S047,1464,Omegabar_c()0,A,-4332,0.0,0,,1/2,-,
1074,5928,S053,1466,Omega_c(2770)0,P,4334,0.0,0,,3/2,+,
1075,5928,S053,1467,Omegabar_c(2770)0,A,-4334,0.0,0,,3/2,-,
1076,5941,B173,1469,Omega_c(3000)0,P,,0.0,?,,?,?,
1077,5941,B173,1470,Omegabar_c(3000)0,A,,0.0,?,,?,?,
1078,5951,B174,1472,Omega_c(3050)0,P,,0.0,?,,?,?,
1079,5951,B174,1473,Omegabar_c(3050)0,A,,0.0,?,,?,?,
1080,5962,B175,1475,Omega_c(3065)0,P,,0.0,?,,?,?,
1081,5962,B175,1476,Omegabar_c(3065)0,A,,0.0,?,,?,?,
1082,5892,B176,1478,Omega_c(3090)0,P,,0.0,?,,?,?,
1083,5892,B176,1479,Omegabar_c(3090)0,A,,0.0,?,,?,?,
1084,5884,B177,1481,Omega_c(3120)0,P,,0.0,?,,?,?,
1085,5884,B177,1482,Omegabar_c(3120)0,A,,0.0,?,,?,?,
1086,5913,B209,1484,Omega_c(3185)0,P,,0.0,?,,?,?,
1087,5913,B209,1485,Omegabar_c(3185)0,A,,0.0,?,,?,?,
1088,5905,B210,1487,Omega_c(3327)0,P,,0.0,?,,?,?,
1089,5905,B210,1488,Omegabar_c(3327)0,A,,0.0,?,,?,?,
1090,5853,S065,1490,Xi_cc()+,P,,1.0,?,,?,?,
1091,5853,S065,1491,Xibar_cc()-,A,,-1.0,?,,?,?,
1092,5880,S068,1493,Xi_cc()++,P,,2.0,?,,?,?,
1093,5880,S068,1494,Xi_cc()--,A,,-2.0,?,,?,?,
1094,5838,S040,1496,Lambda_b()0,P,5122,0.0,0,,1/2,+,
1095,5838,S040,1497,Lambdabar_b()0,A,-5122,0.0,0,,1/2,-,
1096,7252,B162,1499,Lambda_b(5912)0,P,,0.0,,,1/2,-,
1097,7252,B162,1500,Lambdabar_b(5912)0,A,,0.0,,,1/2,+,
1098,7239,B163,1502,Lambda_b(5920)0,P,,0.0,,,3/2,-,
1099,7239,B163,1503,Lambdabar_b(5920)0,A,,0.0,,,3/2,+,
1100,7461,B197,1505,Lambda_b(6070)0,P,,0.0,,,1/2,+,
1101,7461,B197,1506,Lambdabar_b(6070)0,A,,0.0,,,1/2,-,
1102,7448,B187,1508,Lambda_b(6146)0,P,,0.0,,,3/2,+,
1103,7448,B187,1509,Lambdabar_b(6146)0,A,,0.0,,,3/2,-,
1104,8368,B188,1511,Lambda_b(6152)0,P,,0.0,,,5/2,+,
1105,8368,B188,1512,Lambdabar_b(6152)0,A,,0.0,,,5/2,-,
1106,8264,S026,1514,Sigma_b()-,P,5112,-1.0,1,,1/2,+,
1107,8264,S026,1515,Sigmabar_b()+,A,-5112,1.0,1,,1/2,-,
1108,8264,S026,1516,Sigma_b()0,P,5212,0.0,1,,1/2,+,
1109,8264,S026,1517,Sigmabar_b()0,A,-5212,0.0,1,,1/2,-,
1110,8264,S026,1518,Sigma_b()+,P,5222,1.0,1,,1/2,+,
1111,8264,S026,1519,Sigmabar_b()-,A,-5222,-1.0,1,,1/2,-,
1112,8277,S062,1521,Sigma_b^*()-,P,5114,-1.0,1,,3/2,+,
1113,8277,S062,1522,Sigmabar_b^*()+,A,-5114,1.0,1,,3/2,-,
1114,8277,S062,1523,Sigma_b^*()0,P,5214,0.0,1,,3/2,+,
1115,8277,S062,1524,Sigmabar_b^*()0,A,-5214,0.0,1,,3/2,-,
1116,8277,S062,1525,Sigma_b^*()+,P,5224,1.0,1,,3/2,+,
1117,8277,S062,1526,Sigmabar_b^*()-,A,-5224,-1.0,1,,3/2,-,
1118,7931,B181,1528,Sigma_b(6097)+,P,,1.0,,,?,?,
1119,7931,B181,1529,Sigmabar_b(6097)-,A,,-1.0,,,?,?,
1120,7953,B182,1531,Sigma_b(6097)-,P,,-1.0,,,?,?,
1121,7953,B182,1532,Sigmabar_b(6097)+,A,,1.0,,,?,?,
1122,7963,S069,1534,Xi_b()-,P,5132,-1.0,1/2,,1/2,+,
1123,7963,S069,1535,Xibar_b()+,A,-5132,1.0,1/2,,1/2,-,
1124,9189,S070,1536,Xi_b()0,P,5232,0.0,1/2,,1/2,+,
1125,9189,S070,1537,Xibar_b()0,A,-5232,0.0,1/2,,1/2,-,
1126,9070,B169,1539,Xi_b^'(5935)-,P,,-1.0,,,1/2,+,
1127,9070,B169,1540,Xibar_b^'(5935)+,A,,1.0,,,1/2,-,
1128,9087,B161,1542,Xi_b(5945)0,P,,0.0,,,3/2,+,
1129,9087,B161,1543,Xibar_b(5945)0,A,,0.0,,,3/2,-,
1130,8573,B170,1545,Xi_b(5955)-,P,,-1.0,,,3/2,+,
1131,8573,B170,1546,Xibar_b(5955)+,A,,1.0,,,3/2,-,
1132,8587,B207,1547,Xi_b(6087),P,,0.0,1/2,,3/2,-,
1133,8617,B208,1548,Xi_b(6095),P,,0.0,1/2,,3/2,-,
1134,8631,B200,1550,Xi_b(6100)-,P,,-1.0,,,3/2,-,
1135,8631,B200,1551,Xibar_b(6100)+,A,,1.0,,,3/2,+,
1136,8500,B180,1553,Xi_b(6227)-,P,,-1.0,,,?,?,
1137,8500,B180,1554,Xi_b(6227)+,A,,1.0,,,?,?,
1138,8513,B199,1556,Xi_b(6227)0,P,,0.0,,,?,?,
1139,8513,B199,1557,Xibar_b(6227)0,A,,0.0,,,?,?,
1140,8537,B201,1559,Xi_b(6327)0,P,,0.0,,,?,?,
1141,8537,B201,1560,Xibar_b(6327)0,A,,0.0,,,?,?,
1142,8557,B202,1562,Xi_b(6333)0,P,,0.0,,,?,?,
1143,8557,B202,1563,Xibar_b(6333)0,A,,0.0,,,?,?,
1144,8446,B198,1565,Xi_bc()0,P,,0.0,,,1/2,+,
1145,8446,B198,1566,Xibar_bc()0,A,,0.0,,,1/2,-,
1146,8437,S063,1568,Omega_b()-,P,5332,-1.0,0,,1/2,+,
1147,8437,S063,1569,Omegabar_b()+,A,-5332,1.0,0,,1/2,-,
1148,9957,B193,1571,Omega_b(6316)-,P,,-1.0,?,,?,?,
1149,9957,B193,1572,Omegabar_b(6316)+,A,,1.0,?,,?,?,
1150,9952,B194,1574,Omega_b(6330)-,P,,-1.0,?,,?,?,
1151,9952,B194,1575,Omegabar_b(6330)+,A,,1.0,?,,?,?,
1152,9863,B195,1577,Omega_b(6340)-,P,,-1.0,?,,?,?,
1153,9863,B195,1578,Omegabar_b(6340)+,A,,1.0,?,,?,?,
1154,9873,B196,1580,Omega_b(6350)-,P,,-1.0,?,,?,?,
1155,9873,B196,1581,Omegabar_b(6350)+,A,,1.0,?,,?,?,
1156,9788,B185,1583,P_{c cbar}(4312)+,P,,1.0,1/2,,?,?,
1157,9841,B204,1585,P_{c cbar s}(4338)+,P,,1.0,0,,1/2,-,
1158,9309,B171,1587,P_{c cbar}(4380)+,P,,1.0,1/2,,?,?,
1159,9329,B186,1589,P_{c cbar}(4440)+,P,,1.0,1/2,,?,?,
1160,10465,B172,1591,P_{c cbar}(4457)+,P,,1.0,1/2,,?,?,
1161,10976,B205,1593,P_{c cbar s}(4459)+,P,,1.0,0,,?,?,
1162,884,S001,1663,nubar_e,A,-12,0.0,,,1/2,,
1163,882,S002,1664,nubar_mu,A,-14,0.0,,,1/2,,
1164,881,S036,1665,nubar_tau,A,-16,0.0,,,1/2,,
